"Date","Price","Open","High","Low","Change %"
"Dec 30, 2019","3,190.000","3,190.000","3,190.000","3,190.000","-0.06%"
"Dec 27, 2019","3,192.000","3,192.000","3,192.000","3,192.000","0.13%"
"Dec 26, 2019","3,188.000","3,188.000","3,188.000","3,188.000","0.22%"
"Dec 25, 2019","3,181.000","3,181.000","3,181.000","3,181.000","-0.09%"
"Dec 24, 2019","3,184.000","3,184.000","3,184.000","3,184.000","0.06%"
"Dec 23, 2019","3,182.000","3,182.000","3,182.000","3,182.000","-0.90%"
"Dec 20, 2019","3,211.000","3,211.000","3,211.000","3,211.000","-0.22%"
"Dec 19, 2019","3,218.000","3,218.000","3,218.000","3,218.000","0.41%"
"Dec 18, 2019","3,205.000","3,205.000","3,205.000","3,205.000","0.22%"
"Dec 17, 2019","3,198.000","3,198.000","3,198.000","3,198.000","0.35%"
"Dec 16, 2019","3,187.000","3,187.000","3,187.000","3,187.000","0.09%"
"Dec 13, 2019","3,184.000","3,184.000","3,184.000","3,184.000","1.27%"
"Dec 12, 2019","3,144.000","3,144.000","3,144.000","3,144.000","-0.10%"
"Dec 11, 2019","3,147.000","3,147.000","3,147.000","3,147.000","0.19%"
"Dec 10, 2019","3,141.000","3,141.000","3,141.000","3,141.000","0.10%"
"Dec 09, 2019","3,138.000","3,138.000","3,138.000","3,138.000","0.10%"
"Dec 06, 2019","3,135.000","3,135.000","3,135.000","3,135.000","0.00%"
"Dec 05, 2019","3,135.000","3,135.000","3,135.000","3,135.000","0.58%"
"Dec 04, 2019","3,117.000","3,117.000","3,117.000","3,117.000","-0.64%"
"Dec 03, 2019","3,137.000","3,137.000","3,137.000","3,137.000","-0.57%"
"Dec 02, 2019","3,155.000","3,155.000","3,155.000","3,155.000","0.10%"
"Nov 29, 2019","3,152.000","3,152.000","3,152.000","3,152.000","0.16%"
"Nov 28, 2019","3,147.000","3,147.000","3,147.000","3,147.000","0.35%"
"Nov 27, 2019","3,136.000","3,136.000","3,136.000","3,136.000","0.16%"
"Nov 26, 2019","3,131.000","3,131.000","3,131.000","3,131.000","0.48%"
"Nov 25, 2019","3,116.000","3,116.000","3,116.000","3,116.000","0.06%"
"Nov 22, 2019","3,114.000","3,114.000","3,114.000","3,114.000","-0.76%"
"Nov 21, 2019","3,138.000","3,138.000","3,138.000","3,138.000","-0.32%"
"Nov 20, 2019","3,148.000","3,148.000","3,148.000","3,148.000","-0.19%"
"Nov 19, 2019","3,154.000","3,154.000","3,154.000","3,154.000","-0.28%"
"Nov 18, 2019","3,163.000","3,163.000","3,163.000","3,163.000","0.19%"
"Nov 15, 2019","3,157.000","3,157.000","3,157.000","3,157.000","-0.16%"
"Nov 14, 2019","3,162.000","3,162.000","3,162.000","3,162.000","-0.19%"
"Nov 13, 2019","3,168.000","3,168.000","3,168.000","3,168.000","-0.25%"
"Nov 12, 2019","3,176.000","3,176.000","3,176.000","3,176.000","0.00%"
"Nov 11, 2019","3,176.000","3,176.000","3,176.000","3,176.000","-0.19%"
"Nov 08, 2019","3,182.000","3,182.000","3,182.000","3,182.000","0.41%"
"Nov 07, 2019","3,169.000","3,169.000","3,169.000","3,169.000","-0.25%"
"Nov 06, 2019","3,177.000","3,177.000","3,177.000","3,177.000","0.25%"
"Nov 05, 2019","3,169.000","3,169.000","3,169.000","3,169.000","1.34%"
"Nov 01, 2019","3,127.000","3,127.000","3,127.000","3,127.000","-1.08%"
"Oct 31, 2019","3,161.000","3,161.000","3,161.000","3,161.000","-0.19%"
"Oct 30, 2019","3,167.000","3,167.000","3,167.000","3,167.000","-0.13%"
"Oct 29, 2019","3,171.000","3,171.000","3,171.000","3,171.000","0.16%"
"Oct 28, 2019","3,166.000","3,166.000","3,166.000","3,166.000","0.19%"
"Oct 25, 2019","3,160.000","3,160.000","3,160.000","3,160.000","0.10%"
"Oct 24, 2019","3,157.000","3,157.000","3,157.000","3,157.000","0.29%"
"Oct 23, 2019","3,148.000","3,148.000","3,148.000","3,148.000","-0.98%"
"Oct 21, 2019","3,179.000","3,179.000","3,179.000","3,179.000","-0.09%"
"Oct 18, 2019","3,182.000","3,182.000","3,182.000","3,182.000","0.06%"
"Oct 17, 2019","3,180.000","3,180.000","3,180.000","3,180.000","0.06%"
"Oct 16, 2019","3,178.000","3,178.000","3,178.000","3,178.000","0.44%"
"Oct 15, 2019","3,164.000","3,164.000","3,164.000","3,164.000","0.51%"
"Oct 11, 2019","3,148.000","3,148.000","3,148.000","3,148.000","0.83%"
"Oct 10, 2019","3,122.000","3,122.000","3,122.000","3,122.000","0.35%"
"Oct 09, 2019","3,111.000","3,111.000","3,111.000","3,111.000","-0.45%"
"Oct 08, 2019","3,125.000","3,125.000","3,125.000","3,125.000","0.58%"
"Oct 07, 2019","3,107.000","3,107.000","3,107.000","3,107.000","0.13%"
"Oct 04, 2019","3,103.000","3,103.000","3,103.000","3,103.000","-0.32%"
"Oct 03, 2019","3,113.000","3,113.000","3,113.000","3,113.000","-1.02%"
"Oct 02, 2019","3,145.000","3,145.000","3,145.000","3,145.000","-0.54%"
"Oct 01, 2019","3,162.000","3,162.000","3,162.000","3,162.000","0.19%"
"Sep 30, 2019","3,156.000","3,156.000","3,156.000","3,156.000","-0.03%"
"Sep 27, 2019","3,157.000","3,157.000","3,157.000","3,157.000","0.03%"
"Sep 26, 2019","3,156.000","3,156.000","3,156.000","3,156.000","0.41%"
"Sep 25, 2019","3,143.000","3,143.000","3,143.000","3,143.000","-0.66%"
"Sep 24, 2019","3,164.000","3,164.000","3,164.000","3,164.000","-1.19%"
"Sep 20, 2019","3,202.000","3,202.000","3,202.000","3,202.000","-0.37%"
"Sep 19, 2019","3,214.000","3,214.000","3,214.000","3,214.000","0.19%"
"Sep 18, 2019","3,208.000","3,208.000","3,208.000","3,208.000","-0.03%"
"Sep 17, 2019","3,209.000","3,209.000","3,209.000","3,209.000","0.38%"
"Sep 13, 2019","3,197.000","3,197.000","3,197.000","3,197.000","0.13%"
"Sep 12, 2019","3,193.000","3,193.000","3,193.000","3,193.000","0.35%"
"Sep 11, 2019","3,182.000","3,182.000","3,182.000","3,182.000","0.22%"
"Sep 10, 2019","3,175.000","3,175.000","3,175.000","3,175.000","0.57%"
"Sep 09, 2019","3,157.000","3,157.000","3,157.000","3,157.000","-0.03%"
"Sep 06, 2019","3,158.000","3,158.000","3,158.000","3,158.000","0.83%"
"Sep 05, 2019","3,132.000","3,132.000","3,132.000","3,132.000","0.61%"
"Sep 04, 2019","3,113.000","3,113.000","3,113.000","3,113.000","-0.54%"
"Sep 03, 2019","3,130.000","3,130.000","3,130.000","3,130.000","0.19%"
"Sep 02, 2019","3,124.000","3,124.000","3,124.000","3,124.000","-0.26%"
"Aug 30, 2019","3,132.000","3,132.000","3,132.000","3,132.000","0.64%"
"Aug 29, 2019","3,112.000","3,112.000","3,112.000","3,112.000","0.42%"
"Aug 28, 2019","3,099.000","3,099.000","3,099.000","3,099.000","0.03%"
"Aug 27, 2019","3,098.000","3,098.000","3,098.000","3,098.000","0.81%"
"Aug 26, 2019","3,073.000","3,073.000","3,073.000","3,073.000","-1.60%"
"Aug 23, 2019","3,123.000","3,123.000","3,123.000","3,123.000","0.22%"
"Aug 22, 2019","3,116.000","3,116.000","3,116.000","3,116.000","-0.42%"
"Aug 21, 2019","3,129.000","3,129.000","3,129.000","3,129.000","-0.13%"
"Aug 20, 2019","3,133.000","3,133.000","3,133.000","3,133.000","0.61%"
"Aug 19, 2019","3,114.000","3,114.000","3,114.000","3,114.000","0.48%"
"Aug 16, 2019","3,099.000","3,099.000","3,099.000","3,099.000","0.13%"
"Aug 15, 2019","3,095.000","3,095.000","3,095.000","3,095.000","-0.86%"
"Aug 14, 2019","3,122.000","3,122.000","3,122.000","3,122.000","1.13%"
"Aug 13, 2019","3,087.000","3,087.000","3,087.000","3,087.000","-0.71%"
"Aug 09, 2019","3,109.000","3,109.000","3,109.000","3,109.000","0.42%"
"Aug 08, 2019","3,096.000","3,096.000","3,096.000","3,096.000","-0.29%"
"Aug 07, 2019","3,105.000","3,105.000","3,105.000","3,105.000","0.42%"
"Aug 06, 2019","3,092.000","3,092.000","3,092.000","3,092.000","-1.31%"
"Aug 05, 2019","3,133.000","3,133.000","3,133.000","3,133.000","-1.01%"
"Aug 02, 2019","3,165.000","3,165.000","3,165.000","3,165.000","-2.16%"
"Aug 01, 2019","3,235.000","3,235.000","3,235.000","3,235.000","0.65%"
"Jul 31, 2019","3,214.000","3,214.000","3,214.000","3,214.000","-0.25%"
"Jul 30, 2019","3,222.000","3,222.000","3,222.000","3,222.000","0.37%"
"Jul 29, 2019","3,210.000","3,210.000","3,210.000","3,210.000","-0.19%"
"Jul 26, 2019","3,216.000","3,216.000","3,216.000","3,216.000","0.56%"
"Jul 25, 2019","3,198.000","3,198.000","3,198.000","3,198.000","0.16%"
"Jul 24, 2019","3,193.000","3,193.000","3,193.000","3,193.000","0.31%"
"Jul 23, 2019","3,183.000","3,183.000","3,183.000","3,183.000","0.13%"
"Jul 22, 2019","3,179.000","3,179.000","3,179.000","3,179.000","-0.47%"
"Jul 19, 2019","3,194.000","3,194.000","3,194.000","3,194.000","-0.50%"
"Jul 18, 2019","3,210.000","3,210.000","3,210.000","3,210.000","-0.62%"
"Jul 17, 2019","3,230.000","3,230.000","3,230.000","3,230.000","0.28%"
"Jul 16, 2019","3,221.000","3,221.000","3,221.000","3,221.000","-0.37%"
"Jul 12, 2019","3,233.000","3,233.000","3,233.000","3,233.000","0.25%"
"Jul 11, 2019","3,225.000","3,225.000","3,225.000","3,225.000","-0.56%"
"Jul 10, 2019","3,243.000","3,243.000","3,243.000","3,243.000","0.00%"
"Jul 09, 2019","3,243.000","3,243.000","3,243.000","3,243.000","0.22%"
"Jul 08, 2019","3,236.000","3,236.000","3,236.000","3,236.000","0.56%"
"Jul 05, 2019","3,218.000","3,218.000","3,218.000","3,218.000","0.09%"
"Jul 04, 2019","3,215.000","3,215.000","3,215.000","3,215.000","0.19%"
"Jul 03, 2019","3,209.000","3,209.000","3,209.000","3,209.000","-0.77%"
"Jul 02, 2019","3,234.000","3,234.000","3,234.000","3,234.000","0.40%"
"Jul 01, 2019","3,221.000","3,221.000","3,221.000","3,221.000","0.56%"
"Jun 28, 2019","3,203.000","3,203.000","3,203.000","3,203.000","0.16%"
"Jun 27, 2019","3,198.000","3,198.000","3,198.000","3,198.000","0.35%"
"Jun 26, 2019","3,187.000","3,187.000","3,187.000","3,187.000","-0.13%"
"Jun 25, 2019","3,191.000","3,191.000","3,191.000","3,191.000","-0.13%"
"Jun 24, 2019","3,195.000","3,195.000","3,195.000","3,195.000","-0.78%"
"Jun 21, 2019","3,220.000","3,220.000","3,220.000","3,220.000","0.16%"
"Jun 20, 2019","3,215.000","3,215.000","3,215.000","3,215.000","-0.50%"
"Jun 19, 2019","3,231.000","3,231.000","3,231.000","3,231.000","0.28%"
"Jun 18, 2019","3,222.000","3,222.000","3,222.000","3,222.000","-0.12%"
"Jun 17, 2019","3,226.000","3,226.000","3,226.000","3,226.000","0.19%"
"Jun 14, 2019","3,220.000","3,220.000","3,220.000","3,220.000","0.00%"
"Jun 13, 2019","3,220.000","3,220.000","3,220.000","3,220.000","-0.28%"
"Jun 12, 2019","3,229.000","3,229.000","3,229.000","3,229.000","0.19%"
"Jun 11, 2019","3,223.000","3,223.000","3,223.000","3,223.000","0.22%"
"Jun 10, 2019","3,216.000","3,216.000","3,216.000","3,216.000","0.34%"
"Jun 07, 2019","3,205.000","3,205.000","3,205.000","3,205.000","0.19%"
"Jun 06, 2019","3,199.000","3,199.000","3,199.000","3,199.000","0.35%"
"Jun 05, 2019","3,188.000","3,188.000","3,188.000","3,188.000","0.63%"
"Jun 04, 2019","3,168.000","3,168.000","3,168.000","3,168.000","-0.44%"
"Jun 03, 2019","3,182.000","3,182.000","3,182.000","3,182.000","-1.30%"
"May 31, 2019","3,224.000","3,224.000","3,224.000","3,224.000","-0.28%"
"May 30, 2019","3,233.000","3,233.000","3,233.000","3,233.000","0.00%"
"May 29, 2019","3,233.000","3,233.000","3,233.000","3,233.000","-0.31%"
"May 28, 2019","3,243.000","3,243.000","3,243.000","3,243.000","0.06%"
"May 27, 2019","3,241.000","3,241.000","3,241.000","3,241.000","-0.15%"
"May 24, 2019","3,246.000","3,246.000","3,246.000","3,246.000","-0.82%"
"May 23, 2019","3,273.000","3,273.000","3,273.000","3,273.000","-0.30%"
"May 22, 2019","3,283.000","3,283.000","3,283.000","3,283.000","-0.36%"
"May 21, 2019","3,295.000","3,295.000","3,295.000","3,295.000","-0.06%"
"May 20, 2019","3,297.000","3,297.000","3,297.000","3,297.000","0.15%"
"May 17, 2019","3,292.000","3,292.000","3,292.000","3,292.000","0.73%"
"May 16, 2019","3,268.000","3,268.000","3,268.000","3,268.000","-0.09%"
"May 15, 2019","3,271.000","3,271.000","3,271.000","3,271.000","0.37%"
"May 14, 2019","3,259.000","3,259.000","3,259.000","3,259.000","-0.76%"
"May 13, 2019","3,284.000","3,284.000","3,284.000","3,284.000","-0.12%"
"May 10, 2019","3,288.000","3,288.000","3,288.000","3,288.000","-0.36%"
"May 09, 2019","3,300.000","3,300.000","3,300.000","3,300.000","-0.21%"
"May 08, 2019","3,307.000","3,307.000","3,307.000","3,307.000","-0.66%"
"May 07, 2019","3,329.000","3,329.000","3,329.000","3,329.000","-1.07%"
"Apr 26, 2019","3,365.000","3,365.000","3,365.000","3,365.000","-0.41%"
"Apr 25, 2019","3,379.000","3,379.000","3,379.000","3,379.000","0.42%"
"Apr 24, 2019","3,365.000","3,365.000","3,365.000","3,365.000","0.24%"
"Apr 23, 2019","3,357.000","3,357.000","3,357.000","3,357.000","-0.15%"
"Apr 22, 2019","3,362.000","3,362.000","3,362.000","3,362.000","-0.86%"
"Apr 19, 2019","3,391.000","3,391.000","3,391.000","3,391.000","-0.06%"
"Apr 18, 2019","3,393.000","3,393.000","3,393.000","3,393.000","-0.12%"
"Apr 17, 2019","3,397.000","3,397.000","3,397.000","3,397.000","0.18%"
"Apr 16, 2019","3,391.000","3,391.000","3,391.000","3,391.000","-0.09%"
"Apr 15, 2019","3,394.000","3,394.000","3,394.000","3,394.000","0.44%"
"Apr 12, 2019","3,379.000","3,379.000","3,379.000","3,379.000","0.84%"
"Apr 11, 2019","3,351.000","3,351.000","3,351.000","3,351.000","0.03%"
"Apr 10, 2019","3,350.000","3,350.000","3,350.000","3,350.000","-0.21%"
"Apr 09, 2019","3,357.000","3,357.000","3,357.000","3,357.000","0.09%"
"Apr 08, 2019","3,354.000","3,354.000","3,354.000","3,354.000","-0.12%"
"Apr 05, 2019","3,358.000","3,358.000","3,358.000","3,358.000","0.24%"
"Apr 04, 2019","3,350.000","3,350.000","3,350.000","3,350.000","0.15%"
"Apr 03, 2019","3,345.000","3,345.000","3,345.000","3,345.000","0.12%"
"Apr 02, 2019","3,341.000","3,341.000","3,341.000","3,341.000","0.57%"
"Apr 01, 2019","3,322.000","3,322.000","3,322.000","3,322.000","0.33%"
"Mar 29, 2019","3,311.000","3,311.000","3,311.000","3,311.000","0.67%"
"Mar 28, 2019","3,289.000","3,289.000","3,289.000","3,289.000","-0.18%"
"Mar 27, 2019","3,295.000","3,295.000","3,295.000","3,295.000","0.43%"
"Mar 26, 2019","3,281.000","3,281.000","3,281.000","3,281.000","0.09%"
"Mar 25, 2019","3,278.000","3,278.000","3,278.000","3,278.000","-0.97%"
"Mar 22, 2019","3,310.000","3,310.000","3,310.000","3,310.000","-1.40%"
"Mar 20, 2019","3,357.000","3,357.000","3,357.000","3,357.000","0.39%"
"Mar 19, 2019","3,344.000","3,344.000","3,344.000","3,344.000","-0.15%"
"Mar 18, 2019","3,349.000","3,349.000","3,349.000","3,349.000","-0.24%"
"Mar 15, 2019","3,357.000","3,357.000","3,357.000","3,357.000","0.63%"
"Mar 14, 2019","3,336.000","3,336.000","3,336.000","3,336.000","0.27%"
"Mar 13, 2019","3,327.000","3,327.000","3,327.000","3,327.000","0.03%"
"Mar 12, 2019","3,326.000","3,326.000","3,326.000","3,326.000","0.67%"
"Mar 11, 2019","3,304.000","3,304.000","3,304.000","3,304.000","-0.78%"
"Mar 08, 2019","3,330.000","3,330.000","3,330.000","3,330.000","-0.27%"
"Mar 07, 2019","3,339.000","3,339.000","3,339.000","3,339.000","-0.24%"
"Mar 06, 2019","3,347.000","3,347.000","3,347.000","3,347.000","-0.21%"
"Mar 05, 2019","3,354.000","3,354.000","3,354.000","3,354.000","-0.21%"
"Mar 04, 2019","3,361.000","3,361.000","3,361.000","3,361.000","0.45%"
"Mar 01, 2019","3,346.000","3,346.000","3,346.000","3,346.000","0.60%"
"Feb 28, 2019","3,326.000","3,326.000","3,326.000","3,326.000","0.39%"
"Feb 27, 2019","3,313.000","3,313.000","3,313.000","3,313.000","-0.30%"
"Feb 26, 2019","3,323.000","3,323.000","3,323.000","3,323.000","0.24%"
"Feb 25, 2019","3,315.000","3,315.000","3,315.000","3,315.000","0.12%"
"Feb 22, 2019","3,311.000","3,311.000","3,311.000","3,311.000","-0.81%"
"Feb 21, 2019","3,338.000","3,338.000","3,338.000","3,338.000","0.15%"
"Feb 20, 2019","3,333.000","3,333.000","3,333.000","3,333.000","0.30%"
"Feb 19, 2019","3,323.000","3,323.000","3,323.000","3,323.000","0.00%"
"Feb 18, 2019","3,323.000","3,323.000","3,323.000","3,323.000","0.33%"
"Feb 15, 2019","3,312.000","3,312.000","3,312.000","3,312.000","-0.48%"
"Feb 14, 2019","3,328.000","3,328.000","3,328.000","3,328.000","0.45%"
"Feb 13, 2019","3,313.000","3,313.000","3,313.000","3,313.000","0.39%"
"Feb 12, 2019","3,300.000","3,300.000","3,300.000","3,300.000","0.58%"
"Feb 08, 2019","3,281.000","3,281.000","3,281.000","3,281.000","-0.42%"
"Feb 07, 2019","3,295.000","3,295.000","3,295.000","3,295.000","0.21%"
"Feb 06, 2019","3,288.000","3,288.000","3,288.000","3,288.000","0.09%"
"Feb 05, 2019","3,285.000","3,285.000","3,285.000","3,285.000","0.58%"
"Feb 04, 2019","3,266.000","3,266.000","3,266.000","3,266.000","0.71%"
"Feb 01, 2019","3,243.000","3,243.000","3,243.000","3,243.000","0.43%"
"Jan 31, 2019","3,229.000","3,229.000","3,229.000","3,229.000","-0.06%"
"Jan 30, 2019","3,231.000","3,231.000","3,231.000","3,231.000","0.44%"
"Jan 29, 2019","3,217.000","3,217.000","3,217.000","3,217.000","-0.40%"
"Jan 28, 2019","3,230.000","3,230.000","3,230.000","3,230.000","-0.09%"
"Jan 25, 2019","3,233.000","3,233.000","3,233.000","3,233.000","0.22%"
"Jan 24, 2019","3,226.000","3,226.000","3,226.000","3,226.000","0.00%"
"Jan 23, 2019","3,226.000","3,226.000","3,226.000","3,226.000","-0.49%"
"Jan 22, 2019","3,242.000","3,242.000","3,242.000","3,242.000","-0.89%"
"Jan 21, 2019","3,271.000","3,271.000","3,271.000","3,271.000","0.68%"
"Jan 18, 2019","3,249.000","3,249.000","3,249.000","3,249.000","0.37%"
"Jan 17, 2019","3,237.000","3,237.000","3,237.000","3,237.000","0.78%"
"Jan 16, 2019","3,212.000","3,212.000","3,212.000","3,212.000","0.22%"
"Jan 15, 2019","3,205.000","3,205.000","3,205.000","3,205.000","-0.25%"
"Jan 11, 2019","3,213.000","3,213.000","3,213.000","3,213.000","0.22%"
"Jan 10, 2019","3,206.000","3,206.000","3,206.000","3,206.000","0.19%"
"Jan 09, 2019","3,200.000","3,200.000","3,200.000","3,200.000","0.60%"
"Jan 08, 2019","3,181.000","3,181.000","3,181.000","3,181.000","1.08%"
"Jan 07, 2019","3,147.000","3,147.000","3,147.000","3,147.000","2.11%"
"Jan 04, 2019","3,082.000","3,082.000","3,082.000","3,082.000","-2.34%"
"Dec 28, 2018","3,156.000","3,156.000","3,156.000","3,156.000","0.06%"
"Dec 27, 2018","3,154.000","3,154.000","3,154.000","3,154.000","0.32%"
"Dec 26, 2018","3,144.000","3,144.000","3,144.000","3,144.000","0.58%"
"Dec 25, 2018","3,126.000","3,126.000","3,126.000","3,126.000","-2.80%"
"Dec 21, 2018","3,216.000","3,216.000","3,216.000","3,216.000","-2.13%"
"Dec 20, 2018","3,286.000","3,286.000","3,286.000","3,286.000","-0.39%"
"Dec 19, 2018","3,299.000","3,299.000","3,299.000","3,299.000","-0.78%"
"Dec 18, 2018","3,325.000","3,325.000","3,325.000","3,325.000","-1.01%"
"Dec 17, 2018","3,359.000","3,359.000","3,359.000","3,359.000","-0.33%"
"Dec 14, 2018","3,370.000","3,370.000","3,370.000","3,370.000","0.21%"
"Dec 13, 2018","3,363.000","3,363.000","3,363.000","3,363.000","0.18%"
"Dec 12, 2018","3,357.000","3,357.000","3,357.000","3,357.000","0.57%"
"Dec 11, 2018","3,338.000","3,338.000","3,338.000","3,338.000","0.21%"
"Dec 10, 2018","3,331.000","3,331.000","3,331.000","3,331.000","-0.09%"
"Dec 07, 2018","3,334.000","3,334.000","3,334.000","3,334.000","-0.77%"
"Dec 06, 2018","3,360.000","3,360.000","3,360.000","3,360.000","0.06%"
"Dec 05, 2018","3,358.000","3,358.000","3,358.000","3,358.000","-1.00%"
"Dec 04, 2018","3,392.000","3,392.000","3,392.000","3,392.000","0.44%"
"Dec 03, 2018","3,377.000","3,377.000","3,377.000","3,377.000","0.30%"
"Nov 30, 2018","3,367.000","3,367.000","3,367.000","3,367.000","-0.03%"
"Nov 29, 2018","3,368.000","3,368.000","3,368.000","3,368.000","0.30%"
"Nov 28, 2018","3,358.000","3,358.000","3,358.000","3,358.000","0.03%"
"Nov 27, 2018","3,357.000","3,357.000","3,357.000","3,357.000","0.54%"
"Nov 26, 2018","3,339.000","3,339.000","3,339.000","3,339.000","-0.21%"
"Nov 22, 2018","3,346.000","3,346.000","3,346.000","3,346.000","-0.39%"
"Nov 21, 2018","3,359.000","3,359.000","3,359.000","3,359.000","-0.27%"
"Nov 20, 2018","3,368.000","3,368.000","3,368.000","3,368.000","-0.30%"
"Nov 19, 2018","3,378.000","3,378.000","3,378.000","3,378.000","-0.97%"
"Nov 16, 2018","3,411.000","3,411.000","3,411.000","3,411.000","-0.38%"
"Nov 15, 2018","3,424.000","3,424.000","3,424.000","3,424.000","-0.49%"
"Nov 14, 2018","3,441.000","3,441.000","3,441.000","3,441.000","-0.03%"
"Nov 13, 2018","3,442.000","3,442.000","3,442.000","3,442.000","-0.61%"
"Nov 12, 2018","3,463.000","3,463.000","3,463.000","3,463.000","-0.43%"
"Nov 09, 2018","3,478.000","3,478.000","3,478.000","3,478.000","0.38%"
"Nov 08, 2018","3,465.000","3,465.000","3,465.000","3,465.000","0.73%"
"Nov 07, 2018","3,440.000","3,440.000","3,440.000","3,440.000","0.03%"
"Nov 06, 2018","3,439.000","3,439.000","3,439.000","3,439.000","0.00%"
"Nov 05, 2018","3,439.000","3,439.000","3,439.000","3,439.000","0.53%"
"Nov 02, 2018","3,421.000","3,421.000","3,421.000","3,421.000","0.09%"
"Nov 01, 2018","3,418.000","3,418.000","3,418.000","3,418.000","0.03%"
"Oct 31, 2018","3,417.000","3,417.000","3,417.000","3,417.000","0.50%"
"Oct 30, 2018","3,400.000","3,400.000","3,400.000","3,400.000","0.35%"
"Oct 29, 2018","3,388.000","3,388.000","3,388.000","3,388.000","-0.85%"
"Oct 26, 2018","3,417.000","3,417.000","3,417.000","3,417.000","0.26%"
"Oct 25, 2018","3,408.000","3,408.000","3,408.000","3,408.000","-0.44%"
"Oct 24, 2018","3,423.000","3,423.000","3,423.000","3,423.000","-0.67%"
"Oct 23, 2018","3,446.000","3,446.000","3,446.000","3,446.000","0.12%"
"Oct 22, 2018","3,442.000","3,442.000","3,442.000","3,442.000","-0.86%"
"Oct 19, 2018","3,472.000","3,472.000","3,472.000","3,472.000","-0.60%"
"Oct 18, 2018","3,493.000","3,493.000","3,493.000","3,493.000","0.23%"
"Oct 17, 2018","3,485.000","3,485.000","3,485.000","3,485.000","0.69%"
"Oct 16, 2018","3,461.000","3,461.000","3,461.000","3,461.000","-0.14%"
"Oct 15, 2018","3,466.000","3,466.000","3,466.000","3,466.000","0.12%"
"Oct 12, 2018","3,462.000","3,462.000","3,462.000","3,462.000","-0.23%"
"Oct 11, 2018","3,470.000","3,470.000","3,470.000","3,470.000","-1.06%"
"Oct 10, 2018","3,507.000","3,507.000","3,507.000","3,507.000","-0.20%"
"Oct 09, 2018","3,514.000","3,514.000","3,514.000","3,514.000","-1.26%"
"Oct 05, 2018","3,559.000","3,559.000","3,559.000","3,559.000","-0.78%"
"Oct 04, 2018","3,587.000","3,587.000","3,587.000","3,587.000","0.70%"
"Oct 03, 2018","3,562.000","3,562.000","3,562.000","3,562.000","-0.25%"
"Oct 02, 2018","3,571.000","3,571.000","3,571.000","3,571.000","0.28%"
"Oct 01, 2018","3,561.000","3,561.000","3,561.000","3,561.000","0.39%"
"Sep 28, 2018","3,547.000","3,547.000","3,547.000","3,547.000","0.71%"
"Sep 27, 2018","3,522.000","3,522.000","3,522.000","3,522.000","0.03%"
"Sep 26, 2018","3,521.000","3,521.000","3,521.000","3,521.000","-0.09%"
"Sep 25, 2018","3,524.000","3,524.000","3,524.000","3,524.000","-0.56%"
"Sep 21, 2018","3,544.000","3,544.000","3,544.000","3,544.000","0.25%"
"Sep 20, 2018","3,535.000","3,535.000","3,535.000","3,535.000","0.06%"
"Sep 19, 2018","3,533.000","3,533.000","3,533.000","3,533.000","0.48%"
"Sep 18, 2018","3,516.000","3,516.000","3,516.000","3,516.000","-0.20%"
"Sep 14, 2018","3,523.000","3,523.000","3,523.000","3,523.000","0.80%"
"Sep 13, 2018","3,495.000","3,495.000","3,495.000","3,495.000","0.00%"
"Sep 12, 2018","3,495.000","3,495.000","3,495.000","3,495.000","0.14%"
"Sep 11, 2018","3,490.000","3,490.000","3,490.000","3,490.000","0.58%"
"Sep 10, 2018","3,470.000","3,470.000","3,470.000","3,470.000","0.35%"
"Sep 07, 2018","3,458.000","3,458.000","3,458.000","3,458.000","-0.77%"
"Sep 06, 2018","3,485.000","3,485.000","3,485.000","3,485.000","-0.34%"
"Sep 05, 2018","3,497.000","3,497.000","3,497.000","3,497.000","0.34%"
"Sep 04, 2018","3,485.000","3,485.000","3,485.000","3,485.000","0.09%"
"Sep 03, 2018","3,482.000","3,482.000","3,482.000","3,482.000","0.00%"
"Aug 31, 2018","3,482.000","3,482.000","3,482.000","3,482.000","-0.74%"
"Aug 30, 2018","3,508.000","3,508.000","3,508.000","3,508.000","0.49%"
"Aug 29, 2018","3,491.000","3,491.000","3,491.000","3,491.000","0.00%"
"Aug 28, 2018","3,491.000","3,491.000","3,491.000","3,491.000","0.17%"
"Aug 27, 2018","3,485.000","3,485.000","3,485.000","3,485.000","-0.26%"
"Aug 24, 2018","3,494.000","3,494.000","3,494.000","3,494.000","0.69%"
"Aug 23, 2018","3,470.000","3,470.000","3,470.000","3,470.000","0.61%"
"Aug 22, 2018","3,449.000","3,449.000","3,449.000","3,449.000","-0.46%"
"Aug 21, 2018","3,465.000","3,465.000","3,465.000","3,465.000","-0.49%"
"Aug 20, 2018","3,482.000","3,482.000","3,482.000","3,482.000","-0.20%"
"Aug 17, 2018","3,489.000","3,489.000","3,489.000","3,489.000","0.43%"
"Aug 16, 2018","3,474.000","3,474.000","3,474.000","3,474.000","-0.91%"
"Aug 15, 2018","3,506.000","3,506.000","3,506.000","3,506.000","0.60%"
"Aug 14, 2018","3,485.000","3,485.000","3,485.000","3,485.000","0.06%"
"Aug 13, 2018","3,483.000","3,483.000","3,483.000","3,483.000","-0.49%"
"Aug 10, 2018","3,500.000","3,500.000","3,500.000","3,500.000","-0.03%"
"Aug 09, 2018","3,501.000","3,501.000","3,501.000","3,501.000","-0.51%"
"Aug 08, 2018","3,519.000","3,519.000","3,519.000","3,519.000","0.28%"
"Aug 07, 2018","3,509.000","3,509.000","3,509.000","3,509.000","0.14%"
"Aug 06, 2018","3,504.000","3,504.000","3,504.000","3,504.000","-0.34%"
"Aug 03, 2018","3,516.000","3,516.000","3,516.000","3,516.000","0.09%"
"Aug 02, 2018","3,513.000","3,513.000","3,513.000","3,513.000","-0.14%"
"Aug 01, 2018","3,518.000","3,518.000","3,518.000","3,518.000","0.92%"
"Jul 31, 2018","3,486.000","3,486.000","3,486.000","3,486.000","-0.06%"
"Jul 30, 2018","3,488.000","3,488.000","3,488.000","3,488.000","0.06%"
"Jul 27, 2018","3,486.000","3,486.000","3,486.000","3,486.000","0.43%"
"Jul 26, 2018","3,471.000","3,471.000","3,471.000","3,471.000","-0.43%"
"Jul 25, 2018","3,486.000","3,486.000","3,486.000","3,486.000","0.14%"
"Jul 24, 2018","3,481.000","3,481.000","3,481.000","3,481.000","0.29%"
"Jul 23, 2018","3,471.000","3,471.000","3,471.000","3,471.000","-2.28%"
"Jul 20, 2018","3,552.000","3,552.000","3,552.000","3,552.000","-0.14%"
"Jul 19, 2018","3,557.000","3,557.000","3,557.000","3,557.000","-0.20%"
"Jul 18, 2018","3,564.000","3,564.000","3,564.000","3,564.000","0.54%"
"Jul 17, 2018","3,545.000","3,545.000","3,545.000","3,545.000","-0.20%"
"Jul 13, 2018","3,552.000","3,552.000","3,552.000","3,552.000","0.71%"
"Jul 12, 2018","3,527.000","3,527.000","3,527.000","3,527.000","0.97%"
"Jul 11, 2018","3,493.000","3,493.000","3,493.000","3,493.000","0.03%"
"Jul 10, 2018","3,492.000","3,492.000","3,492.000","3,492.000","0.84%"
"Jul 09, 2018","3,463.000","3,463.000","3,463.000","3,463.000","-0.09%"
"Jul 06, 2018","3,466.000","3,466.000","3,466.000","3,466.000","0.35%"
"Jul 05, 2018","3,454.000","3,454.000","3,454.000","3,454.000","0.09%"
"Jul 04, 2018","3,451.000","3,451.000","3,451.000","3,451.000","-0.38%"
"Jul 03, 2018","3,464.000","3,464.000","3,464.000","3,464.000","-0.32%"
"Jul 02, 2018","3,475.000","3,475.000","3,475.000","3,475.000","0.40%"
"Jun 29, 2018","3,461.000","3,461.000","3,461.000","3,461.000","0.12%"
"Jun 28, 2018","3,457.000","3,457.000","3,457.000","3,457.000","0.00%"
"Jun 27, 2018","3,457.000","3,457.000","3,457.000","3,457.000","0.29%"
"Jun 26, 2018","3,447.000","3,447.000","3,447.000","3,447.000","-0.43%"
"Jun 25, 2018","3,462.000","3,462.000","3,462.000","3,462.000","-0.20%"
"Jun 22, 2018","3,469.000","3,469.000","3,469.000","3,469.000","-1.34%"
"Jun 21, 2018","3,516.000","3,516.000","3,516.000","3,516.000","0.46%"
"Jun 20, 2018","3,500.000","3,500.000","3,500.000","3,500.000","-0.17%"
"Jun 19, 2018","3,506.000","3,506.000","3,506.000","3,506.000","-0.40%"
"Jun 18, 2018","3,520.000","3,520.000","3,520.000","3,520.000","-0.14%"
"Jun 15, 2018","3,525.000","3,525.000","3,525.000","3,525.000","0.43%"
"Jun 14, 2018","3,510.000","3,510.000","3,510.000","3,510.000","-0.11%"
"Jun 13, 2018","3,514.000","3,514.000","3,514.000","3,514.000","0.20%"
"Jun 12, 2018","3,507.000","3,507.000","3,507.000","3,507.000","0.95%"
"Jun 11, 2018","3,474.000","3,474.000","3,474.000","3,474.000","-0.43%"
"Jun 08, 2018","3,489.000","3,489.000","3,489.000","3,489.000","-0.14%"
"Jun 07, 2018","3,494.000","3,494.000","3,494.000","3,494.000","0.46%"
"Jun 06, 2018","3,478.000","3,478.000","3,478.000","3,478.000","0.03%"
"Jun 05, 2018","3,477.000","3,477.000","3,477.000","3,477.000","0.29%"
"Jun 04, 2018","3,467.000","3,467.000","3,467.000","3,467.000","0.81%"
"Jun 01, 2018","3,439.000","3,439.000","3,439.000","3,439.000","0.35%"
"May 31, 2018","3,427.000","3,427.000","3,427.000","3,427.000","0.53%"
"May 30, 2018","3,409.000","3,409.000","3,409.000","3,409.000","-1.07%"
"May 29, 2018","3,446.000","3,446.000","3,446.000","3,446.000","-0.26%"
"May 28, 2018","3,455.000","3,455.000","3,455.000","3,455.000","-0.12%"
"May 25, 2018","3,459.000","3,459.000","3,459.000","3,459.000","-0.06%"
"May 24, 2018","3,461.000","3,461.000","3,461.000","3,461.000","-1.17%"
"May 23, 2018","3,502.000","3,502.000","3,502.000","3,502.000","-0.06%"
"May 22, 2018","3,504.000","3,504.000","3,504.000","3,504.000","-0.93%"
"May 21, 2018","3,537.000","3,537.000","3,537.000","3,537.000","0.11%"
"May 18, 2018","3,533.000","3,533.000","3,533.000","3,533.000","0.60%"
"May 17, 2018","3,512.000","3,512.000","3,512.000","3,512.000","0.06%"
"May 16, 2018","3,510.000","3,510.000","3,510.000","3,510.000","0.40%"
"May 15, 2018","3,496.000","3,496.000","3,496.000","3,496.000","0.40%"
"May 14, 2018","3,482.000","3,482.000","3,482.000","3,482.000","-0.09%"
"May 11, 2018","3,485.000","3,485.000","3,485.000","3,485.000","-0.31%"
"May 10, 2018","3,496.000","3,496.000","3,496.000","3,496.000","0.75%"
"May 09, 2018","3,470.000","3,470.000","3,470.000","3,470.000","0.32%"
"May 08, 2018","3,459.000","3,459.000","3,459.000","3,459.000","0.09%"
"May 07, 2018","3,456.000","3,456.000","3,456.000","3,456.000","-0.75%"
"May 02, 2018","3,482.000","3,482.000","3,482.000","3,482.000","0.43%"
"May 01, 2018","3,467.000","3,467.000","3,467.000","3,467.000","-0.03%"
"Apr 27, 2018","3,468.000","3,468.000","3,468.000","3,468.000","0.14%"
"Apr 26, 2018","3,463.000","3,463.000","3,463.000","3,463.000","0.26%"
"Apr 25, 2018","3,454.000","3,454.000","3,454.000","3,454.000","-0.14%"
"Apr 24, 2018","3,459.000","3,459.000","3,459.000","3,459.000","0.64%"
"Apr 23, 2018","3,437.000","3,437.000","3,437.000","3,437.000","-0.66%"
"Apr 20, 2018","3,460.000","3,460.000","3,460.000","3,460.000","-0.43%"
"Apr 19, 2018","3,475.000","3,475.000","3,475.000","3,475.000","0.35%"
"Apr 18, 2018","3,463.000","3,463.000","3,463.000","3,463.000","0.29%"
"Apr 17, 2018","3,453.000","3,453.000","3,453.000","3,453.000","-0.23%"
"Apr 16, 2018","3,461.000","3,461.000","3,461.000","3,461.000","0.23%"
"Apr 13, 2018","3,453.000","3,453.000","3,453.000","3,453.000","0.70%"
"Apr 12, 2018","3,429.000","3,429.000","3,429.000","3,429.000","-0.09%"
"Apr 11, 2018","3,432.000","3,432.000","3,432.000","3,432.000","0.67%"
"Apr 10, 2018","3,409.000","3,409.000","3,409.000","3,409.000","0.00%"
"Apr 09, 2018","3,409.000","3,409.000","3,409.000","3,409.000","-0.44%"
"Apr 06, 2018","3,424.000","3,424.000","3,424.000","3,424.000","0.77%"
"Apr 05, 2018","3,398.000","3,398.000","3,398.000","3,398.000","0.30%"
"Apr 04, 2018","3,388.000","3,388.000","3,388.000","3,388.000","0.74%"
"Apr 03, 2018","3,363.000","3,363.000","3,363.000","3,363.000","-0.71%"
"Apr 02, 2018","3,387.000","3,387.000","3,387.000","3,387.000","0.09%"
"Mar 30, 2018","3,384.000","3,384.000","3,384.000","3,384.000","-0.47%"
"Mar 29, 2018","3,400.000","3,400.000","3,400.000","3,400.000","1.16%"
"Mar 28, 2018","3,361.000","3,361.000","3,361.000","3,361.000","-0.03%"
"Mar 27, 2018","3,362.000","3,362.000","3,362.000","3,362.000","0.66%"
"Mar 26, 2018","3,340.000","3,340.000","3,340.000","3,340.000","-0.09%"
"Mar 23, 2018","3,343.000","3,343.000","3,343.000","3,343.000","-0.95%"
"Mar 22, 2018","3,375.000","3,375.000","3,375.000","3,375.000","-1.26%"
"Mar 20, 2018","3,418.000","3,418.000","3,418.000","3,418.000","-0.03%"
"Mar 19, 2018","3,419.000","3,419.000","3,419.000","3,419.000","-0.20%"
"Mar 16, 2018","3,426.000","3,426.000","3,426.000","3,426.000","0.15%"
"Mar 15, 2018","3,421.000","3,421.000","3,421.000","3,421.000","-0.75%"
"Mar 14, 2018","3,447.000","3,447.000","3,447.000","3,447.000","0.20%"
"Mar 13, 2018","3,440.000","3,440.000","3,440.000","3,440.000","-0.55%"
"Mar 12, 2018","3,459.000","3,459.000","3,459.000","3,459.000","0.38%"
"Mar 09, 2018","3,446.000","3,446.000","3,446.000","3,446.000","0.58%"
"Mar 08, 2018","3,426.000","3,426.000","3,426.000","3,426.000","0.35%"
"Mar 07, 2018","3,414.000","3,414.000","3,414.000","3,414.000","-0.35%"
"Mar 06, 2018","3,426.000","3,426.000","3,426.000","3,426.000","0.85%"
"Mar 05, 2018","3,397.000","3,397.000","3,397.000","3,397.000","-0.90%"
"Mar 02, 2018","3,428.000","3,428.000","3,428.000","3,428.000","-0.70%"
"Mar 01, 2018","3,452.000","3,452.000","3,452.000","3,452.000","-0.72%"
"Feb 28, 2018","3,477.000","3,477.000","3,477.000","3,477.000","0.35%"
"Feb 27, 2018","3,465.000","3,465.000","3,465.000","3,465.000","0.23%"
"Feb 26, 2018","3,457.000","3,457.000","3,457.000","3,457.000","-0.03%"
"Feb 23, 2018","3,458.000","3,458.000","3,458.000","3,458.000","-0.60%"
"Feb 22, 2018","3,479.000","3,479.000","3,479.000","3,479.000","-0.97%"
"Feb 21, 2018","3,513.000","3,513.000","3,513.000","3,513.000","0.75%"
"Feb 20, 2018","3,487.000","3,487.000","3,487.000","3,487.000","0.46%"
"Feb 19, 2018","3,471.000","3,471.000","3,471.000","3,471.000","0.32%"
"Feb 16, 2018","3,460.000","3,460.000","3,460.000","3,460.000","-0.09%"
"Feb 15, 2018","3,463.000","3,463.000","3,463.000","3,463.000","-0.86%"
"Feb 14, 2018","3,493.000","3,493.000","3,493.000","3,493.000","-1.08%"
"Feb 13, 2018","3,531.000","3,531.000","3,531.000","3,531.000","-0.34%"
"Feb 09, 2018","3,543.000","3,543.000","3,543.000","3,543.000","-1.12%"
"Feb 08, 2018","3,583.000","3,583.000","3,583.000","3,583.000","0.22%"
"Feb 07, 2018","3,575.000","3,575.000","3,575.000","3,575.000","0.17%"
"Feb 06, 2018","3,569.000","3,569.000","3,569.000","3,569.000","-1.19%"
"Feb 05, 2018","3,612.000","3,612.000","3,612.000","3,612.000","0.03%"
"Feb 02, 2018","3,611.000","3,611.000","3,611.000","3,611.000","0.08%"
"Feb 01, 2018","3,608.000","3,608.000","3,608.000","3,608.000","0.50%"
"Jan 31, 2018","3,590.000","3,590.000","3,590.000","3,590.000","-0.47%"
"Jan 30, 2018","3,607.000","3,607.000","3,607.000","3,607.000","0.03%"
"Jan 29, 2018","3,606.000","3,606.000","3,606.000","3,606.000","-0.88%"
"Jan 26, 2018","3,638.000","3,638.000","3,638.000","3,638.000","0.25%"
"Jan 25, 2018","3,629.000","3,629.000","3,629.000","3,629.000","-0.66%"
"Jan 24, 2018","3,653.000","3,653.000","3,653.000","3,653.000","-0.52%"
"Jan 23, 2018","3,672.000","3,672.000","3,672.000","3,672.000","0.30%"
"Jan 22, 2018","3,661.000","3,661.000","3,661.000","3,661.000","-1.13%"
"Jan 19, 2018","3,703.000","3,703.000","3,703.000","3,703.000","-0.32%"
"Jan 18, 2018","3,715.000","3,715.000","3,715.000","3,715.000","0.84%"
"Jan 17, 2018","3,684.000","3,684.000","3,684.000","3,684.000","-0.41%"
"Jan 16, 2018","3,699.000","3,699.000","3,699.000","3,699.000","-0.03%"
"Jan 15, 2018","3,700.000","3,700.000","3,700.000","3,700.000","-0.27%"
"Jan 12, 2018","3,710.000","3,710.000","3,710.000","3,710.000","0.03%"
"Jan 11, 2018","3,709.000","3,709.000","3,709.000","3,709.000","-1.12%"
"Jan 10, 2018","3,751.000","3,751.000","3,751.000","3,751.000","-0.58%"
"Jan 09, 2018","3,773.000","3,773.000","3,773.000","3,773.000","0.40%"
"Jan 05, 2018","3,758.000","3,758.000","3,758.000","3,758.000","0.37%"
"Jan 04, 2018","3,744.000","3,744.000","3,744.000","3,744.000","0.27%"
"Dec 29, 2017","3,734.000","3,734.000","3,734.000","3,734.000","-0.29%"
"Dec 28, 2017","3,745.000","3,745.000","3,745.000","3,745.000","0.13%"
"Dec 27, 2017","3,740.000","3,740.000","3,740.000","3,740.000","0.05%"
"Dec 26, 2017","3,738.000","3,738.000","3,738.000","3,738.000","0.13%"
"Dec 25, 2017","3,733.000","3,733.000","3,733.000","3,733.000","-0.13%"
"Dec 22, 2017","3,738.000","3,738.000","3,738.000","3,738.000","-0.56%"
"Dec 21, 2017","3,759.000","3,759.000","3,759.000","3,759.000","0.21%"
"Dec 20, 2017","3,751.000","3,751.000","3,751.000","3,751.000","0.32%"
"Dec 19, 2017","3,739.000","3,739.000","3,739.000","3,739.000","-0.08%"
"Dec 18, 2017","3,742.000","3,742.000","3,742.000","3,742.000","0.32%"
"Dec 15, 2017","3,730.000","3,730.000","3,730.000","3,730.000","-0.45%"
"Dec 14, 2017","3,747.000","3,747.000","3,747.000","3,747.000","-0.61%"
"Dec 13, 2017","3,770.000","3,770.000","3,770.000","3,770.000","-0.03%"
"Dec 12, 2017","3,771.000","3,771.000","3,771.000","3,771.000","0.03%"
"Dec 11, 2017","3,770.000","3,770.000","3,770.000","3,770.000","0.40%"
"Dec 08, 2017","3,755.000","3,755.000","3,755.000","3,755.000","0.70%"
"Dec 07, 2017","3,729.000","3,729.000","3,729.000","3,729.000","-0.16%"
"Dec 06, 2017","3,735.000","3,735.000","3,735.000","3,735.000","0.00%"
"Dec 05, 2017","3,735.000","3,735.000","3,735.000","3,735.000","-0.16%"
"Dec 04, 2017","3,741.000","3,741.000","3,741.000","3,741.000","0.29%"
"Dec 01, 2017","3,730.000","3,730.000","3,730.000","3,730.000","0.43%"
"Nov 30, 2017","3,714.000","3,714.000","3,714.000","3,714.000","0.49%"
"Nov 29, 2017","3,696.000","3,696.000","3,696.000","3,696.000","0.54%"
"Nov 28, 2017","3,676.000","3,676.000","3,676.000","3,676.000","-0.57%"
"Nov 27, 2017","3,697.000","3,697.000","3,697.000","3,697.000","0.24%"
"Nov 24, 2017","3,688.000","3,688.000","3,688.000","3,688.000","-0.70%"
"Nov 22, 2017","3,714.000","3,714.000","3,714.000","3,714.000","-0.91%"
"Nov 21, 2017","3,748.000","3,748.000","3,748.000","3,748.000","0.48%"
"Nov 20, 2017","3,730.000","3,730.000","3,730.000","3,730.000","-0.56%"
"Nov 17, 2017","3,751.000","3,751.000","3,751.000","3,751.000","0.48%"
"Nov 16, 2017","3,733.000","3,733.000","3,733.000","3,733.000","-0.69%"
"Nov 15, 2017","3,759.000","3,759.000","3,759.000","3,759.000","-0.40%"
"Nov 14, 2017","3,774.000","3,774.000","3,774.000","3,774.000","-0.08%"
"Nov 13, 2017","3,777.000","3,777.000","3,777.000","3,777.000","0.21%"
"Nov 10, 2017","3,769.000","3,769.000","3,769.000","3,769.000","-0.89%"
"Nov 09, 2017","3,803.000","3,803.000","3,803.000","3,803.000","-0.08%"
"Nov 08, 2017","3,806.000","3,806.000","3,806.000","3,806.000","-0.08%"
"Nov 07, 2017","3,809.000","3,809.000","3,809.000","3,809.000","-0.55%"
"Nov 06, 2017","3,830.000","3,830.000","3,830.000","3,830.000","0.26%"
"Nov 02, 2017","3,820.000","3,820.000","3,820.000","3,820.000","0.29%"
"Nov 01, 2017","3,809.000","3,809.000","3,809.000","3,809.000","0.71%"
"Oct 31, 2017","3,782.000","3,782.000","3,782.000","3,782.000","-0.53%"
"Oct 30, 2017","3,802.000","3,802.000","3,802.000","3,802.000","-0.26%"
"Oct 27, 2017","3,812.000","3,812.000","3,812.000","3,812.000","0.50%"
"Oct 26, 2017","3,793.000","3,793.000","3,793.000","3,793.000","-0.52%"
"Oct 25, 2017","3,813.000","3,813.000","3,813.000","3,813.000","0.53%"
"Oct 24, 2017","3,793.000","3,793.000","3,793.000","3,793.000","-0.42%"
"Oct 23, 2017","3,809.000","3,809.000","3,809.000","3,809.000","-0.24%"
"Oct 20, 2017","3,818.000","3,818.000","3,818.000","3,818.000","-0.18%"
"Oct 19, 2017","3,825.000","3,825.000","3,825.000","3,825.000","0.79%"
"Oct 18, 2017","3,795.000","3,795.000","3,795.000","3,795.000","0.05%"
"Oct 17, 2017","3,793.000","3,793.000","3,793.000","3,793.000","0.21%"
"Oct 16, 2017","3,785.000","3,785.000","3,785.000","3,785.000","-0.21%"
"Oct 13, 2017","3,793.000","3,793.000","3,793.000","3,793.000","-0.24%"
"Oct 12, 2017","3,802.000","3,802.000","3,802.000","3,802.000","0.11%"
"Oct 11, 2017","3,798.000","3,798.000","3,798.000","3,798.000","-0.37%"
"Oct 10, 2017","3,812.000","3,812.000","3,812.000","3,812.000","-0.18%"
"Oct 06, 2017","3,819.000","3,819.000","3,819.000","3,819.000","0.16%"
"Oct 05, 2017","3,813.000","3,813.000","3,813.000","3,813.000","0.18%"
"Oct 04, 2017","3,806.000","3,806.000","3,806.000","3,806.000","-0.31%"
"Oct 03, 2017","3,818.000","3,818.000","3,818.000","3,818.000","0.21%"
"Oct 02, 2017","3,810.000","3,810.000","3,810.000","3,810.000","0.11%"
"Sep 29, 2017","3,806.000","3,806.000","3,806.000","3,806.000","-0.13%"
"Sep 28, 2017","3,811.000","3,811.000","3,811.000","3,811.000","0.47%"
"Sep 27, 2017","3,793.000","3,793.000","3,793.000","3,793.000","0.88%"
"Sep 26, 2017","3,760.000","3,760.000","3,760.000","3,760.000","-0.82%"
"Sep 25, 2017","3,791.000","3,791.000","3,791.000","3,791.000","0.34%"
"Sep 22, 2017","3,778.000","3,778.000","3,778.000","3,778.000","-1.64%"
"Sep 21, 2017","3,841.000","3,841.000","3,841.000","3,841.000","0.89%"
"Sep 20, 2017","3,807.000","3,807.000","3,807.000","3,807.000","0.26%"
"Sep 19, 2017","3,797.000","3,797.000","3,797.000","3,797.000","1.25%"
"Sep 15, 2017","3,750.000","3,750.000","3,750.000","3,750.000","-0.35%"
"Sep 14, 2017","3,763.000","3,763.000","3,763.000","3,763.000","0.51%"
"Sep 13, 2017","3,744.000","3,744.000","3,744.000","3,744.000","0.62%"
"Sep 12, 2017","3,721.000","3,721.000","3,721.000","3,721.000","1.14%"
"Sep 11, 2017","3,679.000","3,679.000","3,679.000","3,679.000","-0.03%"
"Sep 08, 2017","3,680.000","3,680.000","3,680.000","3,680.000","-0.70%"
"Sep 07, 2017","3,706.000","3,706.000","3,706.000","3,706.000","0.60%"
"Sep 06, 2017","3,684.000","3,684.000","3,684.000","3,684.000","-1.05%"
"Sep 05, 2017","3,723.000","3,723.000","3,723.000","3,723.000","-0.13%"
"Sep 04, 2017","3,728.000","3,728.000","3,728.000","3,728.000","-0.21%"
"Sep 01, 2017","3,736.000","3,736.000","3,736.000","3,736.000","0.00%"
"Aug 31, 2017","3,736.000","3,736.000","3,736.000","3,736.000","0.59%"
"Aug 30, 2017","3,714.000","3,714.000","3,714.000","3,714.000","0.95%"
"Aug 29, 2017","3,679.000","3,679.000","3,679.000","3,679.000","-0.22%"
"Aug 28, 2017","3,687.000","3,687.000","3,687.000","3,687.000","-0.57%"
"Aug 25, 2017","3,708.000","3,708.000","3,708.000","3,708.000","0.71%"
"Aug 24, 2017","3,682.000","3,682.000","3,682.000","3,682.000","-0.54%"
"Aug 23, 2017","3,702.000","3,702.000","3,702.000","3,702.000","0.65%"
"Aug 22, 2017","3,678.000","3,678.000","3,678.000","3,678.000","-1.45%"
"Aug 21, 2017","3,732.000","3,732.000","3,732.000","3,732.000","-0.19%"
"Aug 18, 2017","3,739.000","3,739.000","3,739.000","3,739.000","-0.64%"
"Aug 17, 2017","3,763.000","3,763.000","3,763.000","3,763.000","-0.58%"
"Aug 16, 2017","3,785.000","3,785.000","3,785.000","3,785.000","0.45%"
"Aug 15, 2017","3,768.000","3,768.000","3,768.000","3,768.000","0.94%"
"Aug 14, 2017","3,733.000","3,733.000","3,733.000","3,733.000","-0.98%"
"Aug 10, 2017","3,770.000","3,770.000","3,770.000","3,770.000","-0.21%"
"Aug 09, 2017","3,778.000","3,778.000","3,778.000","3,778.000","-0.74%"
"Aug 08, 2017","3,806.000","3,806.000","3,806.000","3,806.000","0.05%"
"Aug 07, 2017","3,804.000","3,804.000","3,804.000","3,804.000","0.58%"
"Aug 04, 2017","3,782.000","3,782.000","3,782.000","3,782.000","-0.76%"
"Aug 03, 2017","3,811.000","3,811.000","3,811.000","3,811.000","0.26%"
"Aug 02, 2017","3,801.000","3,801.000","3,801.000","3,801.000","0.21%"
"Aug 01, 2017","3,793.000","3,793.000","3,793.000","3,793.000","-0.08%"
"Jul 31, 2017","3,796.000","3,796.000","3,796.000","3,796.000","-0.63%"
"Jul 28, 2017","3,820.000","3,820.000","3,820.000","3,820.000","0.16%"
"Jul 27, 2017","3,814.000","3,814.000","3,814.000","3,814.000","-0.83%"
"Jul 26, 2017","3,846.000","3,846.000","3,846.000","3,846.000","0.60%"
"Jul 25, 2017","3,823.000","3,823.000","3,823.000","3,823.000","0.39%"
"Jul 24, 2017","3,808.000","3,808.000","3,808.000","3,808.000","-2.33%"
"Jul 21, 2017","3,899.000","3,899.000","3,899.000","3,899.000","0.21%"
"Jul 20, 2017","3,891.000","3,891.000","3,891.000","3,891.000","0.15%"
"Jul 19, 2017","3,885.000","3,885.000","3,885.000","3,885.000","-0.31%"
"Jul 18, 2017","3,897.000","3,897.000","3,897.000","3,897.000","-0.61%"
"Jul 14, 2017","3,921.000","3,921.000","3,921.000","3,921.000","0.31%"
"Jul 13, 2017","3,909.000","3,909.000","3,909.000","3,909.000","-0.10%"
"Jul 12, 2017","3,913.000","3,913.000","3,913.000","3,913.000","-0.36%"
"Jul 11, 2017","3,927.000","3,927.000","3,927.000","3,927.000","0.08%"
"Jul 10, 2017","3,924.000","3,924.000","3,924.000","3,924.000","0.64%"
"Jul 07, 2017","3,899.000","3,899.000","3,899.000","3,899.000","0.13%"
"Jul 06, 2017","3,894.000","3,894.000","3,894.000","3,894.000","-0.08%"
"Jul 05, 2017","3,897.000","3,897.000","3,897.000","3,897.000","-0.10%"
"Jul 04, 2017","3,901.000","3,901.000","3,901.000","3,901.000","0.91%"
"Jul 03, 2017","3,866.000","3,866.000","3,866.000","3,866.000","0.31%"
"Jun 30, 2017","3,854.000","3,854.000","3,854.000","3,854.000","-0.31%"
"Jun 29, 2017","3,866.000","3,866.000","3,866.000","3,866.000","0.36%"
"Jun 28, 2017","3,852.000","3,852.000","3,852.000","3,852.000","0.16%"
"Jun 27, 2017","3,846.000","3,846.000","3,846.000","3,846.000","0.73%"
"Jun 26, 2017","3,818.000","3,818.000","3,818.000","3,818.000","0.03%"
"Jun 23, 2017","3,817.000","3,817.000","3,817.000","3,817.000","0.24%"
"Jun 22, 2017","3,808.000","3,808.000","3,808.000","3,808.000","-1.78%"
"Jun 21, 2017","3,877.000","3,877.000","3,877.000","3,877.000","-0.64%"
"Jun 20, 2017","3,902.000","3,902.000","3,902.000","3,902.000","0.75%"
"Jun 19, 2017","3,873.000","3,873.000","3,873.000","3,873.000","-0.13%"
"Jun 16, 2017","3,878.000","3,878.000","3,878.000","3,878.000","1.09%"
"Jun 15, 2017","3,836.000","3,836.000","3,836.000","3,836.000","-0.34%"
"Jun 14, 2017","3,849.000","3,849.000","3,849.000","3,849.000","0.21%"
"Jun 13, 2017","3,841.000","3,841.000","3,841.000","3,841.000","-0.16%"
"Jun 12, 2017","3,847.000","3,847.000","3,847.000","3,847.000","0.18%"
"Jun 09, 2017","3,840.000","3,840.000","3,840.000","3,840.000","-0.05%"
"Jun 08, 2017","3,842.000","3,842.000","3,842.000","3,842.000","0.31%"
"Jun 07, 2017","3,830.000","3,830.000","3,830.000","3,830.000","-0.55%"
"Jun 06, 2017","3,851.000","3,851.000","3,851.000","3,851.000","-0.26%"
"Jun 05, 2017","3,861.000","3,861.000","3,861.000","3,861.000","-0.90%"
"Jun 02, 2017","3,896.000","3,896.000","3,896.000","3,896.000","0.78%"
"Jun 01, 2017","3,866.000","3,866.000","3,866.000","3,866.000","0.05%"
"May 31, 2017","3,864.000","3,864.000","3,864.000","3,864.000","-0.05%"
"May 30, 2017","3,866.000","3,866.000","3,866.000","3,866.000","-0.21%"
"May 29, 2017","3,874.000","3,874.000","3,874.000","3,874.000","-0.36%"
"May 26, 2017","3,888.000","3,888.000","3,888.000","3,888.000","0.15%"
"May 25, 2017","3,882.000","3,882.000","3,882.000","3,882.000","-0.05%"
"May 24, 2017","3,884.000","3,884.000","3,884.000","3,884.000","0.60%"
"May 23, 2017","3,861.000","3,861.000","3,861.000","3,861.000","-0.26%"
"May 22, 2017","3,871.000","3,871.000","3,871.000","3,871.000","-0.82%"
"May 19, 2017","3,903.000","3,903.000","3,903.000","3,903.000","0.21%"
"May 18, 2017","3,895.000","3,895.000","3,895.000","3,895.000","-1.62%"
"May 17, 2017","3,959.000","3,959.000","3,959.000","3,959.000","-0.98%"
"May 16, 2017","3,998.000","3,998.000","3,998.000","3,998.000","0.45%"
"May 15, 2017","3,980.000","3,980.000","3,980.000","3,980.000","-0.40%"
"May 12, 2017","3,996.000","3,996.000","3,996.000","3,996.000","-0.22%"
"May 11, 2017","4,005.000","4,005.000","4,005.000","4,005.000","0.45%"
"May 10, 2017","3,987.000","3,987.000","3,987.000","3,987.000","0.68%"
"May 09, 2017","3,960.000","3,960.000","3,960.000","3,960.000","0.53%"
"May 08, 2017","3,939.000","3,939.000","3,939.000","3,939.000","0.72%"
"May 02, 2017","3,911.000","3,911.000","3,911.000","3,911.000","0.41%"
"May 01, 2017","3,895.000","3,895.000","3,895.000","3,895.000","0.28%"
"Apr 28, 2017","3,884.000","3,884.000","3,884.000","3,884.000","-0.05%"
"Apr 27, 2017","3,886.000","3,886.000","3,886.000","3,886.000","0.21%"
"Apr 26, 2017","3,878.000","3,878.000","3,878.000","3,878.000","1.44%"
"Apr 25, 2017","3,823.000","3,823.000","3,823.000","3,823.000","0.24%"
"Apr 24, 2017","3,814.000","3,814.000","3,814.000","3,814.000","-0.65%"
"Apr 21, 2017","3,839.000","3,839.000","3,839.000","3,839.000","0.26%"
"Apr 20, 2017","3,829.000","3,829.000","3,829.000","3,829.000","0.58%"
"Apr 19, 2017","3,807.000","3,807.000","3,807.000","3,807.000","-0.70%"
"Apr 18, 2017","3,834.000","3,834.000","3,834.000","3,834.000","0.84%"
"Apr 17, 2017","3,802.000","3,802.000","3,802.000","3,802.000","-0.83%"
"Apr 14, 2017","3,834.000","3,834.000","3,834.000","3,834.000","0.31%"
"Apr 13, 2017","3,822.000","3,822.000","3,822.000","3,822.000","-0.80%"
"Apr 12, 2017","3,853.000","3,853.000","3,853.000","3,853.000","-1.26%"
"Apr 11, 2017","3,902.000","3,902.000","3,902.000","3,902.000","-0.41%"
"Apr 10, 2017","3,918.000","3,918.000","3,918.000","3,918.000","0.49%"
"Apr 07, 2017","3,899.000","3,899.000","3,899.000","3,899.000","0.36%"
"Apr 06, 2017","3,885.000","3,885.000","3,885.000","3,885.000","-0.08%"
"Apr 05, 2017","3,888.000","3,888.000","3,888.000","3,888.000","0.23%"
"Apr 04, 2017","3,879.000","3,879.000","3,879.000","3,879.000","-0.61%"
"Apr 03, 2017","3,903.000","3,903.000","3,903.000","3,903.000","-0.79%"
"Mar 31, 2017","3,934.000","3,934.000","3,934.000","3,934.000","0.92%"
"Mar 30, 2017","3,898.000","3,898.000","3,898.000","3,898.000","0.59%"
"Mar 29, 2017","3,875.000","3,875.000","3,875.000","3,875.000","0.52%"
"Mar 28, 2017","3,855.000","3,855.000","3,855.000","3,855.000","0.23%"
"Mar 27, 2017","3,846.000","3,846.000","3,846.000","3,846.000","-0.59%"
"Mar 24, 2017","3,869.000","3,869.000","3,869.000","3,869.000","0.10%"
"Mar 23, 2017","3,865.000","3,865.000","3,865.000","3,865.000","-0.51%"
"Mar 22, 2017","3,885.000","3,885.000","3,885.000","3,885.000","-2.09%"
"Mar 21, 2017","3,968.000","3,968.000","3,968.000","3,968.000","-1.15%"
"Mar 17, 2017","4,014.000","4,014.000","4,014.000","4,014.000","0.60%"
"Mar 16, 2017","3,990.000","3,990.000","3,990.000","3,990.000","-0.89%"
"Mar 15, 2017","4,026.000","4,026.000","4,026.000","4,026.000","-0.40%"
"Mar 14, 2017","4,042.000","4,042.000","4,042.000","4,042.000","-0.20%"
"Mar 13, 2017","4,050.000","4,050.000","4,050.000","4,050.000","-0.27%"
"Mar 10, 2017","4,061.000","4,061.000","4,061.000","4,061.000","0.17%"
"Mar 09, 2017","4,054.000","4,054.000","4,054.000","4,054.000","0.25%"
"Mar 08, 2017","4,044.000","4,044.000","4,044.000","4,044.000","-0.37%"
"Mar 07, 2017","4,059.000","4,059.000","4,059.000","4,059.000","-0.20%"
"Mar 06, 2017","4,067.000","4,067.000","4,067.000","4,067.000","-0.49%"
"Mar 03, 2017","4,087.000","4,087.000","4,087.000","4,087.000","0.10%"
"Mar 02, 2017","4,083.000","4,083.000","4,083.000","4,083.000","1.04%"
"Mar 01, 2017","4,041.000","4,041.000","4,041.000","4,041.000","0.55%"
"Feb 28, 2017","4,019.000","4,019.000","4,019.000","4,019.000","0.53%"
"Feb 27, 2017","3,998.000","3,998.000","3,998.000","3,998.000","-0.55%"
"Feb 24, 2017","4,020.000","4,020.000","4,020.000","4,020.000","-0.30%"
"Feb 23, 2017","4,032.000","4,032.000","4,032.000","4,032.000","-0.17%"
"Feb 22, 2017","4,039.000","4,039.000","4,039.000","4,039.000","-0.76%"
"Feb 21, 2017","4,070.000","4,070.000","4,070.000","4,070.000","0.49%"
"Feb 20, 2017","4,050.000","4,050.000","4,050.000","4,050.000","-0.54%"
"Feb 17, 2017","4,072.000","4,072.000","4,072.000","4,072.000","-0.59%"
"Feb 16, 2017","4,096.000","4,096.000","4,096.000","4,096.000","-0.22%"
"Feb 15, 2017","4,105.000","4,105.000","4,105.000","4,105.000","0.86%"
"Feb 14, 2017","4,070.000","4,070.000","4,070.000","4,070.000","-0.10%"
"Feb 13, 2017","4,074.000","4,074.000","4,074.000","4,074.000","0.27%"
"Feb 10, 2017","4,063.000","4,063.000","4,063.000","4,063.000","1.58%"
"Feb 09, 2017","4,000.000","4,000.000","4,000.000","4,000.000","-0.45%"
"Feb 08, 2017","4,018.000","4,018.000","4,018.000","4,018.000","0.60%"
"Feb 07, 2017","3,994.000","3,994.000","3,994.000","3,994.000","-0.50%"
"Feb 06, 2017","4,014.000","4,014.000","4,014.000","4,014.000","-0.30%"
"Feb 03, 2017","4,026.000","4,026.000","4,026.000","4,026.000","0.07%"
"Feb 02, 2017","4,023.000","4,023.000","4,023.000","4,023.000","0.12%"
"Feb 01, 2017","4,018.000","4,018.000","4,018.000","4,018.000","-0.62%"
"Jan 31, 2017","4,043.000","4,043.000","4,043.000","4,043.000","-0.88%"
"Jan 30, 2017","4,079.000","4,079.000","4,079.000","4,079.000","0.15%"
"Jan 27, 2017","4,073.000","4,073.000","4,073.000","4,073.000","1.39%"
"Jan 26, 2017","4,017.000","4,017.000","4,017.000","4,017.000","-0.25%"
"Jan 25, 2017","4,027.000","4,027.000","4,027.000","4,027.000","1.00%"
"Jan 24, 2017","3,987.000","3,987.000","3,987.000","3,987.000","-1.12%"
"Jan 23, 2017","4,032.000","4,032.000","4,032.000","4,032.000","-2.23%"
"Jan 20, 2017","4,124.000","4,124.000","4,124.000","4,124.000","0.07%"
"Jan 19, 2017","4,121.000","4,121.000","4,121.000","4,121.000","1.78%"
"Jan 18, 2017","4,049.000","4,049.000","4,049.000","4,049.000","-1.17%"
"Jan 17, 2017","4,097.000","4,097.000","4,097.000","4,097.000","-0.12%"
"Jan 16, 2017","4,102.000","4,102.000","4,102.000","4,102.000","-0.44%"
"Jan 13, 2017","4,120.000","4,120.000","4,120.000","4,120.000","-0.24%"
"Jan 12, 2017","4,130.000","4,130.000","4,130.000","4,130.000","-0.70%"
"Jan 11, 2017","4,159.000","4,159.000","4,159.000","4,159.000","0.17%"
"Jan 10, 2017","4,152.000","4,152.000","4,152.000","4,152.000","0.22%"
"Jan 06, 2017","4,143.000","4,143.000","4,143.000","4,143.000","-0.48%"
"Jan 05, 2017","4,163.000","4,163.000","4,163.000","4,163.000","-0.76%"
"Jan 04, 2017","4,195.000","4,195.000","4,195.000","4,195.000","1.55%"
"Dec 30, 2016","4,131.000","4,131.000","4,131.000","4,131.000","-0.55%"
"Dec 29, 2016","4,154.000","4,154.000","4,154.000","4,154.000","-0.43%"
"Dec 28, 2016","4,172.000","4,172.000","4,172.000","4,172.000","0.31%"
"Dec 27, 2016","4,159.000","4,159.000","4,159.000","4,159.000","0.39%"
"Dec 26, 2016","4,143.000","4,143.000","4,143.000","4,143.000","-0.43%"
"Dec 22, 2016","4,161.000","4,161.000","4,161.000","4,161.000","-1.23%"
"Dec 21, 2016","4,213.000","4,213.000","4,213.000","4,213.000","0.67%"
"Dec 20, 2016","4,185.000","4,185.000","4,185.000","4,185.000","-0.31%"
"Dec 19, 2016","4,198.000","4,198.000","4,198.000","4,198.000","-0.50%"
"Dec 16, 2016","4,219.000","4,219.000","4,219.000","4,219.000","0.09%"
"Dec 15, 2016","4,215.000","4,215.000","4,215.000","4,215.000","2.11%"
"Dec 14, 2016","4,128.000","4,128.000","4,128.000","4,128.000","0.27%"
"Dec 13, 2016","4,117.000","4,117.000","4,117.000","4,117.000","-0.31%"
"Dec 12, 2016","4,130.000","4,130.000","4,130.000","4,130.000","1.25%"
"Dec 09, 2016","4,079.000","4,079.000","4,079.000","4,079.000","0.57%"
"Dec 08, 2016","4,056.000","4,056.000","4,056.000","4,056.000","0.12%"
"Dec 07, 2016","4,051.000","4,051.000","4,051.000","4,051.000","0.92%"
"Dec 06, 2016","4,014.000","4,014.000","4,014.000","4,014.000","0.00%"
"Dec 05, 2016","4,014.000","4,014.000","4,014.000","4,014.000","0.15%"
"Dec 02, 2016","4,008.000","4,008.000","4,008.000","4,008.000","-0.60%"
"Dec 01, 2016","4,032.000","4,032.000","4,032.000","4,032.000","1.97%"
"Nov 30, 2016","3,954.000","3,954.000","3,954.000","3,954.000","0.38%"
"Nov 29, 2016","3,939.000","3,939.000","3,939.000","3,939.000","-0.28%"
"Nov 28, 2016","3,950.000","3,950.000","3,950.000","3,950.000","-1.30%"
"Nov 25, 2016","4,002.000","4,002.000","4,002.000","4,002.000","1.21%"
"Nov 24, 2016","3,954.000","3,954.000","3,954.000","3,954.000","2.04%"
"Nov 22, 2016","3,875.000","3,875.000","3,875.000","3,875.000","-1.45%"
"Nov 21, 2016","3,932.000","3,932.000","3,932.000","3,932.000","0.61%"
"Nov 18, 2016","3,908.000","3,908.000","3,908.000","3,908.000","1.56%"
"Nov 17, 2016","3,848.000","3,848.000","3,848.000","3,848.000","-0.08%"
"Nov 16, 2016","3,851.000","3,851.000","3,851.000","3,851.000","1.53%"
"Nov 15, 2016","3,793.000","3,793.000","3,793.000","3,793.000","-0.37%"
"Nov 14, 2016","3,807.000","3,807.000","3,807.000","3,807.000","0.66%"
"Nov 11, 2016","3,782.000","3,782.000","3,782.000","3,782.000","0.75%"
"Nov 10, 2016","3,754.000","3,754.000","3,754.000","3,754.000","3.16%"
"Nov 09, 2016","3,639.000","3,639.000","3,639.000","3,639.000","-2.26%"
"Nov 08, 2016","3,723.000","3,723.000","3,723.000","3,723.000","1.14%"
"Nov 07, 2016","3,681.000","3,681.000","3,681.000","3,681.000","0.88%"
"Nov 04, 2016","3,649.000","3,649.000","3,649.000","3,649.000","-1.46%"
"Nov 02, 2016","3,703.000","3,703.000","3,703.000","3,703.000","-0.99%"
"Nov 01, 2016","3,740.000","3,740.000","3,740.000","3,740.000","-0.37%"
"Oct 31, 2016","3,754.000","3,754.000","3,754.000","3,754.000","-0.58%"
"Oct 28, 2016","3,776.000","3,776.000","3,776.000","3,776.000","0.43%"
"Oct 27, 2016","3,760.000","3,760.000","3,760.000","3,760.000","0.03%"
"Oct 26, 2016","3,759.000","3,759.000","3,759.000","3,759.000","-0.32%"
"Oct 25, 2016","3,771.000","3,771.000","3,771.000","3,771.000","0.53%"
"Oct 24, 2016","3,751.000","3,751.000","3,751.000","3,751.000","-2.09%"
"Oct 21, 2016","3,831.000","3,831.000","3,831.000","3,831.000","0.66%"
"Oct 20, 2016","3,806.000","3,806.000","3,806.000","3,806.000","0.13%"
"Oct 19, 2016","3,801.000","3,801.000","3,801.000","3,801.000","0.18%"
"Oct 18, 2016","3,794.000","3,794.000","3,794.000","3,794.000","-0.42%"
"Oct 17, 2016","3,810.000","3,810.000","3,810.000","3,810.000","0.53%"
"Oct 14, 2016","3,790.000","3,790.000","3,790.000","3,790.000","-0.81%"
"Oct 13, 2016","3,821.000","3,821.000","3,821.000","3,821.000","0.79%"
"Oct 12, 2016","3,791.000","3,791.000","3,791.000","3,791.000","-0.34%"
"Oct 11, 2016","3,804.000","3,804.000","3,804.000","3,804.000","0.18%"
"Oct 07, 2016","3,797.000","3,797.000","3,797.000","3,797.000","0.32%"
"Oct 06, 2016","3,785.000","3,785.000","3,785.000","3,785.000","0.83%"
"Oct 05, 2016","3,754.000","3,754.000","3,754.000","3,754.000","0.78%"
"Oct 04, 2016","3,725.000","3,725.000","3,725.000","3,725.000","0.70%"
"Oct 03, 2016","3,699.000","3,699.000","3,699.000","3,699.000","0.52%"
"Sep 30, 2016","3,680.000","3,680.000","3,680.000","3,680.000","0.16%"
"Sep 29, 2016","3,674.000","3,674.000","3,674.000","3,674.000","0.80%"
"Sep 28, 2016","3,645.000","3,645.000","3,645.000","3,645.000","0.19%"
"Sep 27, 2016","3,638.000","3,638.000","3,638.000","3,638.000","-0.60%"
"Sep 26, 2016","3,660.000","3,660.000","3,660.000","3,660.000","-0.27%"
"Sep 23, 2016","3,670.000","3,670.000","3,670.000","3,670.000","-1.82%"
"Sep 21, 2016","3,738.000","3,738.000","3,738.000","3,738.000","-0.13%"
"Sep 20, 2016","3,743.000","3,743.000","3,743.000","3,743.000","-0.03%"
"Sep 16, 2016","3,744.000","3,744.000","3,744.000","3,744.000","-0.40%"
"Sep 15, 2016","3,759.000","3,759.000","3,759.000","3,759.000","-0.27%"
"Sep 14, 2016","3,769.000","3,769.000","3,769.000","3,769.000","0.83%"
"Sep 13, 2016","3,738.000","3,738.000","3,738.000","3,738.000","-1.27%"
"Sep 12, 2016","3,786.000","3,786.000","3,786.000","3,786.000","-0.13%"
"Sep 09, 2016","3,791.000","3,791.000","3,791.000","3,791.000","0.74%"
"Sep 08, 2016","3,763.000","3,763.000","3,763.000","3,763.000","0.35%"
"Sep 07, 2016","3,750.000","3,750.000","3,750.000","3,750.000","-1.99%"
"Sep 06, 2016","3,826.000","3,826.000","3,826.000","3,826.000","-0.36%"
"Sep 05, 2016","3,840.000","3,840.000","3,840.000","3,840.000","0.76%"
"Sep 02, 2016","3,811.000","3,811.000","3,811.000","3,811.000","0.03%"
"Sep 01, 2016","3,810.000","3,810.000","3,810.000","3,810.000","-0.08%"
"Aug 31, 2016","3,813.000","3,813.000","3,813.000","3,813.000","1.30%"
"Aug 30, 2016","3,764.000","3,764.000","3,764.000","3,764.000","0.16%"
"Aug 29, 2016","3,758.000","3,758.000","3,758.000","3,758.000","1.46%"
"Aug 26, 2016","3,704.000","3,704.000","3,704.000","3,704.000","-0.05%"
"Aug 25, 2016","3,706.000","3,706.000","3,706.000","3,706.000","0.08%"
"Aug 24, 2016","3,703.000","3,703.000","3,703.000","3,703.000","0.41%"
"Aug 23, 2016","3,688.000","3,688.000","3,688.000","3,688.000","-0.32%"
"Aug 22, 2016","3,700.000","3,700.000","3,700.000","3,700.000","-1.67%"
"Aug 19, 2016","3,763.000","3,763.000","3,763.000","3,763.000","0.75%"
"Aug 18, 2016","3,735.000","3,735.000","3,735.000","3,735.000","-0.90%"
"Aug 17, 2016","3,769.000","3,769.000","3,769.000","3,769.000","-0.32%"
"Aug 16, 2016","3,781.000","3,781.000","3,781.000","3,781.000","-0.11%"
"Aug 15, 2016","3,785.000","3,785.000","3,785.000","3,785.000","-0.60%"
"Aug 12, 2016","3,808.000","3,808.000","3,808.000","3,808.000","0.66%"
"Aug 10, 2016","3,783.000","3,783.000","3,783.000","3,783.000","-0.26%"
"Aug 09, 2016","3,793.000","3,793.000","3,793.000","3,793.000","0.45%"
"Aug 08, 2016","3,776.000","3,776.000","3,776.000","3,776.000","1.21%"
"Aug 05, 2016","3,731.000","3,731.000","3,731.000","3,731.000","0.40%"
"Aug 04, 2016","3,716.000","3,716.000","3,716.000","3,716.000","0.22%"
"Aug 03, 2016","3,708.000","3,708.000","3,708.000","3,708.000","-1.49%"
"Aug 02, 2016","3,764.000","3,764.000","3,764.000","3,764.000","-0.13%"
"Aug 01, 2016","3,769.000","3,769.000","3,769.000","3,769.000","-1.95%"
"Jul 29, 2016","3,844.000","3,844.000","3,844.000","3,844.000","-0.47%"
"Jul 28, 2016","3,862.000","3,862.000","3,862.000","3,862.000","-0.49%"
"Jul 27, 2016","3,881.000","3,881.000","3,881.000","3,881.000","-0.05%"
"Jul 26, 2016","3,883.000","3,883.000","3,883.000","3,883.000","-1.37%"
"Jul 25, 2016","3,937.000","3,937.000","3,937.000","3,937.000","0.77%"
"Jul 22, 2016","3,907.000","3,907.000","3,907.000","3,907.000","-3.05%"
"Jul 21, 2016","4,030.000","4,030.000","4,030.000","4,030.000","1.38%"
"Jul 20, 2016","3,975.000","3,975.000","3,975.000","3,975.000","0.08%"
"Jul 19, 2016","3,972.000","3,972.000","3,972.000","3,972.000","0.30%"
"Jul 15, 2016","3,960.000","3,960.000","3,960.000","3,960.000","1.67%"
"Jul 14, 2016","3,895.000","3,895.000","3,895.000","3,895.000","-0.74%"
"Jul 13, 2016","3,924.000","3,924.000","3,924.000","3,924.000","2.48%"
"Jul 12, 2016","3,829.000","3,829.000","3,829.000","3,829.000","2.52%"
"Jul 11, 2016","3,735.000","3,735.000","3,735.000","3,735.000","0.48%"
"Jul 08, 2016","3,717.000","3,717.000","3,717.000","3,717.000","0.38%"
"Jul 07, 2016","3,703.000","3,703.000","3,703.000","3,703.000","-0.11%"
"Jul 06, 2016","3,707.000","3,707.000","3,707.000","3,707.000","-1.23%"
"Jul 05, 2016","3,753.000","3,753.000","3,753.000","3,753.000","-0.27%"
"Jul 04, 2016","3,763.000","3,763.000","3,763.000","3,763.000","0.03%"
"Jul 01, 2016","3,762.000","3,762.000","3,762.000","3,762.000","0.37%"
"Jun 30, 2016","3,748.000","3,748.000","3,748.000","3,748.000","1.38%"
"Jun 29, 2016","3,697.000","3,697.000","3,697.000","3,697.000","1.18%"
"Jun 28, 2016","3,654.000","3,654.000","3,654.000","3,654.000","-1.46%"
"Jun 27, 2016","3,708.000","3,708.000","3,708.000","3,708.000","0.11%"
"Jun 24, 2016","3,704.000","3,704.000","3,704.000","3,704.000","-3.47%"
"Jun 23, 2016","3,837.000","3,837.000","3,837.000","3,837.000","0.37%"
"Jun 22, 2016","3,823.000","3,823.000","3,823.000","3,823.000","-1.11%"
"Jun 21, 2016","3,866.000","3,866.000","3,866.000","3,866.000","-0.18%"
"Jun 20, 2016","3,873.000","3,873.000","3,873.000","3,873.000","0.28%"
"Jun 17, 2016","3,862.000","3,862.000","3,862.000","3,862.000","-1.33%"
"Jun 16, 2016","3,914.000","3,914.000","3,914.000","3,914.000","-0.28%"
"Jun 15, 2016","3,925.000","3,925.000","3,925.000","3,925.000","-0.58%"
"Jun 14, 2016","3,948.000","3,948.000","3,948.000","3,948.000","-0.68%"
"Jun 13, 2016","3,975.000","3,975.000","3,975.000","3,975.000","-0.92%"
"Jun 10, 2016","4,012.000","4,012.000","4,012.000","4,012.000","0.22%"
"Jun 09, 2016","4,003.000","4,003.000","4,003.000","4,003.000","-0.02%"
"Jun 08, 2016","4,004.000","4,004.000","4,004.000","4,004.000","0.05%"
"Jun 07, 2016","4,002.000","4,002.000","4,002.000","4,002.000","1.11%"
"Jun 06, 2016","3,958.000","3,958.000","3,958.000","3,958.000","-2.10%"
"Jun 03, 2016","4,043.000","4,043.000","4,043.000","4,043.000","-0.30%"
"Jun 02, 2016","4,055.000","4,055.000","4,055.000","4,055.000","-1.31%"
"Jun 01, 2016","4,109.000","4,109.000","4,109.000","4,109.000","-0.15%"
"May 31, 2016","4,115.000","4,115.000","4,115.000","4,115.000","0.17%"
"May 30, 2016","4,108.000","4,108.000","4,108.000","4,108.000","0.93%"
"May 27, 2016","4,070.000","4,070.000","4,070.000","4,070.000","0.32%"
"May 26, 2016","4,057.000","4,057.000","4,057.000","4,057.000","-0.17%"
"May 25, 2016","4,064.000","4,064.000","4,064.000","4,064.000","1.17%"
"May 24, 2016","4,017.000","4,017.000","4,017.000","4,017.000","-0.47%"
"May 23, 2016","4,036.000","4,036.000","4,036.000","4,036.000","-1.61%"
"May 20, 2016","4,102.000","4,102.000","4,102.000","4,102.000","-0.46%"
"May 19, 2016","4,121.000","4,121.000","4,121.000","4,121.000","1.13%"
"May 18, 2016","4,075.000","4,075.000","4,075.000","4,075.000","0.07%"
"May 17, 2016","4,072.000","4,072.000","4,072.000","4,072.000","0.32%"
"May 16, 2016","4,059.000","4,059.000","4,059.000","4,059.000","-0.12%"
"May 13, 2016","4,064.000","4,064.000","4,064.000","4,064.000","0.52%"
"May 12, 2016","4,043.000","4,043.000","4,043.000","4,043.000","-0.52%"
"May 11, 2016","4,064.000","4,064.000","4,064.000","4,064.000","0.92%"
"May 10, 2016","4,027.000","4,027.000","4,027.000","4,027.000","0.90%"
"May 09, 2016","3,991.000","3,991.000","3,991.000","3,991.000","-0.30%"
"May 06, 2016","4,003.000","4,003.000","4,003.000","4,003.000","0.23%"
"May 02, 2016","3,994.000","3,994.000","3,994.000","3,994.000","-2.89%"
"Apr 28, 2016","4,113.000","4,113.000","4,113.000","4,113.000","-1.03%"
"Apr 27, 2016","4,156.000","4,156.000","4,156.000","4,156.000","0.53%"
"Apr 26, 2016","4,134.000","4,134.000","4,134.000","4,134.000","-0.60%"
"Apr 25, 2016","4,159.000","4,159.000","4,159.000","4,159.000","1.81%"
"Apr 22, 2016","4,085.000","4,085.000","4,085.000","4,085.000","-1.85%"
"Apr 21, 2016","4,162.000","4,162.000","4,162.000","4,162.000","0.90%"
"Apr 20, 2016","4,125.000","4,125.000","4,125.000","4,125.000","0.63%"
"Apr 19, 2016","4,099.000","4,099.000","4,099.000","4,099.000","1.04%"
"Apr 18, 2016","4,057.000","4,057.000","4,057.000","4,057.000","-1.62%"
"Apr 15, 2016","4,124.000","4,124.000","4,124.000","4,124.000","0.61%"
"Apr 14, 2016","4,099.000","4,099.000","4,099.000","4,099.000","1.26%"
"Apr 13, 2016","4,048.000","4,048.000","4,048.000","4,048.000","0.82%"
"Apr 12, 2016","4,015.000","4,015.000","4,015.000","4,015.000","0.15%"
"Apr 11, 2016","4,009.000","4,009.000","4,009.000","4,009.000","-0.35%"
"Apr 08, 2016","4,023.000","4,023.000","4,023.000","4,023.000","-0.81%"
"Apr 07, 2016","4,056.000","4,056.000","4,056.000","4,056.000","-0.34%"
"Apr 06, 2016","4,070.000","4,070.000","4,070.000","4,070.000","-0.80%"
"Apr 05, 2016","4,103.000","4,103.000","4,103.000","4,103.000","-0.29%"
"Apr 04, 2016","4,115.000","4,115.000","4,115.000","4,115.000","-0.75%"
"Apr 01, 2016","4,146.000","4,146.000","4,146.000","4,146.000","0.00%"
"Mar 31, 2016","4,146.000","4,146.000","4,146.000","4,146.000","0.44%"
"Mar 30, 2016","4,128.000","4,128.000","4,128.000","4,128.000","-0.72%"
"Mar 29, 2016","4,158.000","4,158.000","4,158.000","4,158.000","-0.31%"
"Mar 28, 2016","4,171.000","4,171.000","4,171.000","4,171.000","0.14%"
"Mar 25, 2016","4,165.000","4,165.000","4,165.000","4,165.000","0.24%"
"Mar 24, 2016","4,155.000","4,155.000","4,155.000","4,155.000","0.00%"
"Mar 23, 2016","4,155.000","4,155.000","4,155.000","4,155.000","0.19%"
"Mar 22, 2016","4,147.000","4,147.000","4,147.000","4,147.000","-0.26%"
"Mar 18, 2016","4,158.000","4,158.000","4,158.000","4,158.000","-0.83%"
"Mar 17, 2016","4,193.000","4,193.000","4,193.000","4,193.000","-0.55%"
"Mar 16, 2016","4,216.000","4,216.000","4,216.000","4,216.000","-1.01%"
"Mar 15, 2016","4,259.000","4,259.000","4,259.000","4,259.000","0.24%"
"Mar 14, 2016","4,249.000","4,249.000","4,249.000","4,249.000","1.38%"
"Mar 11, 2016","4,191.000","4,191.000","4,191.000","4,191.000","0.24%"
"Mar 10, 2016","4,181.000","4,181.000","4,181.000","4,181.000","0.63%"
"Mar 09, 2016","4,155.000","4,155.000","4,155.000","4,155.000","-0.57%"
"Mar 08, 2016","4,179.000","4,179.000","4,179.000","4,179.000","-0.33%"
"Mar 07, 2016","4,193.000","4,193.000","4,193.000","4,193.000","0.72%"
"Mar 04, 2016","4,163.000","4,163.000","4,163.000","4,163.000","0.31%"
"Mar 03, 2016","4,150.000","4,150.000","4,150.000","4,150.000","0.29%"
"Mar 02, 2016","4,138.000","4,138.000","4,138.000","4,138.000","2.05%"
"Mar 01, 2016","4,055.000","4,055.000","4,055.000","4,055.000","-0.56%"
"Feb 29, 2016","4,078.000","4,078.000","4,078.000","4,078.000","1.37%"
"Feb 26, 2016","4,023.000","4,023.000","4,023.000","4,023.000","1.34%"
"Feb 25, 2016","3,970.000","3,970.000","3,970.000","3,970.000","-0.10%"
"Feb 24, 2016","3,974.000","3,974.000","3,974.000","3,974.000","-0.75%"
"Feb 23, 2016","4,004.000","4,004.000","4,004.000","4,004.000","0.28%"
"Feb 22, 2016","3,993.000","3,993.000","3,993.000","3,993.000","-2.04%"
"Feb 19, 2016","4,076.000","4,076.000","4,076.000","4,076.000","-0.46%"
"Feb 18, 2016","4,095.000","4,095.000","4,095.000","4,095.000","0.66%"
"Feb 17, 2016","4,068.000","4,068.000","4,068.000","4,068.000","0.42%"
"Feb 16, 2016","4,051.000","4,051.000","4,051.000","4,051.000","1.10%"
"Feb 15, 2016","4,007.000","4,007.000","4,007.000","4,007.000","1.39%"
"Feb 12, 2016","3,952.000","3,952.000","3,952.000","3,952.000","-2.92%"
"Feb 10, 2016","4,071.000","4,071.000","4,071.000","4,071.000","-1.05%"
"Feb 09, 2016","4,114.000","4,114.000","4,114.000","4,114.000","-2.81%"
"Feb 08, 2016","4,233.000","4,233.000","4,233.000","4,233.000","-0.42%"
"Feb 05, 2016","4,251.000","4,251.000","4,251.000","4,251.000","-0.70%"
"Feb 04, 2016","4,281.000","4,281.000","4,281.000","4,281.000","-1.81%"
"Feb 03, 2016","4,360.000","4,360.000","4,360.000","4,360.000","-1.60%"
"Feb 02, 2016","4,431.000","4,431.000","4,431.000","4,431.000","-0.38%"
"Feb 01, 2016","4,448.000","4,448.000","4,448.000","4,448.000","0.63%"
"Jan 29, 2016","4,420.000","4,420.000","4,420.000","4,420.000","2.08%"
"Jan 28, 2016","4,330.000","4,330.000","4,330.000","4,330.000","0.51%"
"Jan 27, 2016","4,308.000","4,308.000","4,308.000","4,308.000","0.28%"
"Jan 26, 2016","4,296.000","4,296.000","4,296.000","4,296.000","-0.28%"
"Jan 25, 2016","4,308.000","4,308.000","4,308.000","4,308.000","1.84%"
"Jan 22, 2016","4,230.000","4,230.000","4,230.000","4,230.000","-0.77%"
"Jan 21, 2016","4,263.000","4,263.000","4,263.000","4,263.000","-1.46%"
"Jan 20, 2016","4,326.000","4,326.000","4,326.000","4,326.000","0.00%"
"Jan 19, 2016","4,326.000","4,326.000","4,326.000","4,326.000","0.35%"
"Jan 18, 2016","4,311.000","4,311.000","4,311.000","4,311.000","-2.02%"
"Jan 15, 2016","4,400.000","4,400.000","4,400.000","4,400.000","0.07%"
"Jan 14, 2016","4,397.000","4,397.000","4,397.000","4,397.000","-0.95%"
"Jan 13, 2016","4,439.000","4,439.000","4,439.000","4,439.000","-0.09%"
"Jan 12, 2016","4,443.000","4,443.000","4,443.000","4,443.000","-0.22%"
"Jan 08, 2016","4,453.000","4,453.000","4,453.000","4,453.000","-1.13%"
"Jan 07, 2016","4,504.000","4,504.000","4,504.000","4,504.000","-0.38%"
"Jan 06, 2016","4,521.000","4,521.000","4,521.000","4,521.000","0.13%"
"Jan 05, 2016","4,515.000","4,515.000","4,515.000","4,515.000","-1.33%"
"Jan 04, 2016","4,576.000","4,576.000","4,576.000","4,576.000","-0.15%"
"Dec 30, 2015","4,583.000","4,583.000","4,583.000","4,583.000","0.39%"
"Dec 29, 2015","4,565.000","4,565.000","4,565.000","4,565.000","-0.07%"
"Dec 28, 2015","4,568.000","4,568.000","4,568.000","4,568.000","0.33%"
"Dec 25, 2015","4,553.000","4,553.000","4,553.000","4,553.000","-0.63%"
"Dec 24, 2015","4,582.000","4,582.000","4,582.000","4,582.000","0.42%"
"Dec 22, 2015","4,563.000","4,563.000","4,563.000","4,563.000","-1.55%"
"Dec 21, 2015","4,635.000","4,635.000","4,635.000","4,635.000","-1.70%"
"Dec 18, 2015","4,715.000","4,715.000","4,715.000","4,715.000","-0.25%"
"Dec 17, 2015","4,727.000","4,727.000","4,727.000","4,727.000","0.98%"
"Dec 16, 2015","4,681.000","4,681.000","4,681.000","4,681.000","1.47%"
"Dec 15, 2015","4,613.000","4,613.000","4,613.000","4,613.000","-1.05%"
"Dec 14, 2015","4,662.000","4,662.000","4,662.000","4,662.000","-2.10%"
"Dec 11, 2015","4,762.000","4,762.000","4,762.000","4,762.000","0.15%"
"Dec 10, 2015","4,755.000","4,755.000","4,755.000","4,755.000","-1.27%"
"Dec 09, 2015","4,816.000","4,816.000","4,816.000","4,816.000","-0.88%"
"Dec 08, 2015","4,859.000","4,859.000","4,859.000","4,859.000","-0.51%"
"Dec 07, 2015","4,884.000","4,884.000","4,884.000","4,884.000","0.31%"
"Dec 04, 2015","4,869.000","4,869.000","4,869.000","4,869.000","-0.90%"
"Dec 03, 2015","4,913.000","4,913.000","4,913.000","4,913.000","0.47%"
"Dec 02, 2015","4,890.000","4,890.000","4,890.000","4,890.000","0.14%"
"Dec 01, 2015","4,883.000","4,883.000","4,883.000","4,883.000","0.33%"
"Nov 30, 2015","4,867.000","4,867.000","4,867.000","4,867.000","0.12%"
"Nov 27, 2015","4,861.000","4,861.000","4,861.000","4,861.000","0.10%"
"Nov 26, 2015","4,856.000","4,856.000","4,856.000","4,856.000","0.29%"
"Nov 25, 2015","4,842.000","4,842.000","4,842.000","4,842.000","-0.49%"
"Nov 24, 2015","4,866.000","4,866.000","4,866.000","4,866.000","-1.74%"
"Nov 20, 2015","4,952.000","4,952.000","4,952.000","4,952.000","-0.82%"
"Nov 19, 2015","4,993.000","4,993.000","4,993.000","4,993.000","0.26%"
"Nov 18, 2015","4,980.000","4,980.000","4,980.000","4,980.000","0.44%"
"Nov 17, 2015","4,958.000","4,958.000","4,958.000","4,958.000","0.45%"
"Nov 16, 2015","4,936.000","4,936.000","4,936.000","4,936.000","-0.24%"
"Nov 13, 2015","4,948.000","4,948.000","4,948.000","4,948.000","-0.70%"
"Nov 12, 2015","4,983.000","4,983.000","4,983.000","4,983.000","-0.16%"
"Nov 11, 2015","4,991.000","4,991.000","4,991.000","4,991.000","-0.34%"
"Nov 10, 2015","5,008.000","5,008.000","5,008.000","5,008.000","-0.58%"
"Nov 09, 2015","5,037.000","5,037.000","5,037.000","5,037.000","1.04%"
"Nov 06, 2015","4,985.000","4,985.000","4,985.000","4,985.000","-0.04%"
"Nov 05, 2015","4,987.000","4,987.000","4,987.000","4,987.000","0.34%"
"Nov 04, 2015","4,970.000","4,970.000","4,970.000","4,970.000","0.75%"
"Nov 02, 2015","4,933.000","4,933.000","4,933.000","4,933.000","-0.32%"
"Oct 30, 2015","4,949.000","4,949.000","4,949.000","4,949.000","0.10%"
"Oct 29, 2015","4,944.000","4,944.000","4,944.000","4,944.000","0.55%"
"Oct 28, 2015","4,917.000","4,917.000","4,917.000","4,917.000","-0.49%"
"Oct 27, 2015","4,941.000","4,941.000","4,941.000","4,941.000","-0.36%"
"Oct 26, 2015","4,959.000","4,959.000","4,959.000","4,959.000","0.47%"
"Oct 23, 2015","4,936.000","4,936.000","4,936.000","4,936.000","0.94%"
"Oct 22, 2015","4,890.000","4,890.000","4,890.000","4,890.000","-1.45%"
"Oct 21, 2015","4,962.000","4,962.000","4,962.000","4,962.000","0.55%"
"Oct 20, 2015","4,935.000","4,935.000","4,935.000","4,935.000","0.22%"
"Oct 19, 2015","4,924.000","4,924.000","4,924.000","4,924.000","0.57%"
"Oct 16, 2015","4,896.000","4,896.000","4,896.000","4,896.000","0.04%"
"Oct 15, 2015","4,894.000","4,894.000","4,894.000","4,894.000","-0.59%"
"Oct 14, 2015","4,923.000","4,923.000","4,923.000","4,923.000","-0.57%"
"Oct 13, 2015","4,951.000","4,951.000","4,951.000","4,951.000","0.51%"
"Oct 09, 2015","4,926.000","4,926.000","4,926.000","4,926.000","0.10%"
"Oct 08, 2015","4,921.000","4,921.000","4,921.000","4,921.000","0.61%"
"Oct 07, 2015","4,891.000","4,891.000","4,891.000","4,891.000","0.29%"
"Oct 06, 2015","4,877.000","4,877.000","4,877.000","4,877.000","1.06%"
"Oct 05, 2015","4,826.000","4,826.000","4,826.000","4,826.000","-0.17%"
"Oct 02, 2015","4,834.000","4,834.000","4,834.000","4,834.000","-0.10%"
"Oct 01, 2015","4,839.000","4,839.000","4,839.000","4,839.000","0.02%"
"Sep 30, 2015","4,838.000","4,838.000","4,838.000","4,838.000","-0.14%"
"Sep 29, 2015","4,845.000","4,845.000","4,845.000","4,845.000","-1.76%"
"Sep 28, 2015","4,932.000","4,932.000","4,932.000","4,932.000","-0.08%"
"Sep 25, 2015","4,936.000","4,936.000","4,936.000","4,936.000","-0.36%"
"Sep 24, 2015","4,954.000","4,954.000","4,954.000","4,954.000","-1.98%"
"Sep 18, 2015","5,054.000","5,054.000","5,054.000","5,054.000","-0.71%"
"Sep 17, 2015","5,090.000","5,090.000","5,090.000","5,090.000","0.02%"
"Sep 16, 2015","5,089.000","5,089.000","5,089.000","5,089.000","-0.22%"
"Sep 15, 2015","5,100.000","5,100.000","5,100.000","5,100.000","-0.10%"
"Sep 14, 2015","5,105.000","5,105.000","5,105.000","5,105.000","-0.20%"
"Sep 11, 2015","5,115.000","5,115.000","5,115.000","5,115.000","0.41%"
"Sep 10, 2015","5,094.000","5,094.000","5,094.000","5,094.000","0.14%"
"Sep 09, 2015","5,087.000","5,087.000","5,087.000","5,087.000","1.01%"
"Sep 08, 2015","5,036.000","5,036.000","5,036.000","5,036.000","0.26%"
"Sep 07, 2015","5,023.000","5,023.000","5,023.000","5,023.000","-0.79%"
"Sep 04, 2015","5,063.000","5,063.000","5,063.000","5,063.000","-0.32%"
"Sep 03, 2015","5,079.000","5,079.000","5,079.000","5,079.000","0.40%"
"Sep 02, 2015","5,059.000","5,059.000","5,059.000","5,059.000","-0.86%"
"Sep 01, 2015","5,103.000","5,103.000","5,103.000","5,103.000","-0.12%"
"Aug 31, 2015","5,109.000","5,109.000","5,109.000","5,109.000","0.26%"
"Aug 28, 2015","5,096.000","5,096.000","5,096.000","5,096.000","1.45%"
"Aug 27, 2015","5,023.000","5,023.000","5,023.000","5,023.000","0.84%"
"Aug 26, 2015","4,981.000","4,981.000","4,981.000","4,981.000","0.59%"
"Aug 25, 2015","4,952.000","4,952.000","4,952.000","4,952.000","-3.24%"
"Aug 24, 2015","5,118.000","5,118.000","5,118.000","5,118.000","-3.09%"
"Aug 21, 2015","5,281.000","5,281.000","5,281.000","5,281.000","-0.60%"
"Aug 20, 2015","5,313.000","5,313.000","5,313.000","5,313.000","-0.65%"
"Aug 19, 2015","5,348.000","5,348.000","5,348.000","5,348.000","-0.06%"
"Aug 18, 2015","5,351.000","5,351.000","5,351.000","5,351.000","0.06%"
"Aug 17, 2015","5,348.000","5,348.000","5,348.000","5,348.000","-0.04%"
"Aug 14, 2015","5,350.000","5,350.000","5,350.000","5,350.000","0.39%"
"Aug 13, 2015","5,329.000","5,329.000","5,329.000","5,329.000","-1.02%"
"Aug 12, 2015","5,384.000","5,384.000","5,384.000","5,384.000","0.06%"
"Aug 11, 2015","5,381.000","5,381.000","5,381.000","5,381.000","0.17%"
"Aug 10, 2015","5,372.000","5,372.000","5,372.000","5,372.000","-0.54%"
"Aug 07, 2015","5,401.000","5,401.000","5,401.000","5,401.000","-0.31%"
"Aug 06, 2015","5,418.000","5,418.000","5,418.000","5,418.000","0.43%"
"Aug 05, 2015","5,395.000","5,395.000","5,395.000","5,395.000","0.19%"
"Aug 04, 2015","5,385.000","5,385.000","5,385.000","5,385.000","-0.09%"
"Aug 03, 2015","5,390.000","5,390.000","5,390.000","5,390.000","0.04%"
"Jul 31, 2015","5,388.000","5,388.000","5,388.000","5,388.000","0.28%"
"Jul 30, 2015","5,373.000","5,373.000","5,373.000","5,373.000","0.86%"
"Jul 29, 2015","5,327.000","5,327.000","5,327.000","5,327.000","0.45%"
"Jul 28, 2015","5,303.000","5,303.000","5,303.000","5,303.000","-0.84%"
"Jul 27, 2015","5,348.000","5,348.000","5,348.000","5,348.000","-0.48%"
"Jul 24, 2015","5,374.000","5,374.000","5,374.000","5,374.000","-0.19%"
"Jul 23, 2015","5,384.000","5,384.000","5,384.000","5,384.000","-0.11%"
"Jul 22, 2015","5,390.000","5,390.000","5,390.000","5,390.000","-1.95%"
"Jul 21, 2015","5,497.000","5,497.000","5,497.000","5,497.000","-0.22%"
"Jul 17, 2015","5,509.000","5,509.000","5,509.000","5,509.000","0.33%"
"Jul 16, 2015","5,491.000","5,491.000","5,491.000","5,491.000","0.49%"
"Jul 15, 2015","5,464.000","5,464.000","5,464.000","5,464.000","-0.18%"
"Jul 14, 2015","5,474.000","5,474.000","5,474.000","5,474.000","1.15%"
"Jul 13, 2015","5,412.000","5,412.000","5,412.000","5,412.000","0.89%"
"Jul 10, 2015","5,364.000","5,364.000","5,364.000","5,364.000","0.83%"
"Jul 09, 2015","5,320.000","5,320.000","5,320.000","5,320.000","-1.50%"
"Jul 08, 2015","5,401.000","5,401.000","5,401.000","5,401.000","-0.44%"
"Jul 07, 2015","5,425.000","5,425.000","5,425.000","5,425.000","0.02%"
"Jul 06, 2015","5,424.000","5,424.000","5,424.000","5,424.000","-0.46%"
"Jul 03, 2015","5,449.000","5,449.000","5,449.000","5,449.000","-0.26%"
"Jul 02, 2015","5,463.000","5,463.000","5,463.000","5,463.000","0.81%"
"Jul 01, 2015","5,419.000","5,419.000","5,419.000","5,419.000","0.18%"
"Jun 30, 2015","5,409.000","5,409.000","5,409.000","5,409.000","-1.02%"
"Jun 29, 2015","5,465.000","5,465.000","5,465.000","5,465.000","-0.56%"
"Jun 26, 2015","5,496.000","5,496.000","5,496.000","5,496.000","-0.42%"
"Jun 25, 2015","5,519.000","5,519.000","5,519.000","5,519.000","-0.05%"
"Jun 24, 2015","5,522.000","5,522.000","5,522.000","5,522.000","0.29%"
"Jun 23, 2015","5,506.000","5,506.000","5,506.000","5,506.000","0.77%"
"Jun 22, 2015","5,464.000","5,464.000","5,464.000","5,464.000","-1.37%"
"Jun 19, 2015","5,540.000","5,540.000","5,540.000","5,540.000","-0.20%"
"Jun 18, 2015","5,551.000","5,551.000","5,551.000","5,551.000","0.02%"
"Jun 17, 2015","5,550.000","5,550.000","5,550.000","5,550.000","-0.05%"
"Jun 16, 2015","5,553.000","5,553.000","5,553.000","5,553.000","-0.32%"
"Jun 15, 2015","5,571.000","5,571.000","5,571.000","5,571.000","-0.05%"
"Jun 12, 2015","5,574.000","5,574.000","5,574.000","5,574.000","0.54%"
"Jun 11, 2015","5,544.000","5,544.000","5,544.000","5,544.000","-1.16%"
"Jun 10, 2015","5,609.000","5,609.000","5,609.000","5,609.000","-0.39%"
"Jun 09, 2015","5,631.000","5,631.000","5,631.000","5,631.000","-0.81%"
"Jun 08, 2015","5,677.000","5,677.000","5,677.000","5,677.000","0.57%"
"Jun 05, 2015","5,645.000","5,645.000","5,645.000","5,645.000","-0.11%"
"Jun 04, 2015","5,651.000","5,651.000","5,651.000","5,651.000","0.00%"
"Jun 03, 2015","5,651.000","5,651.000","5,651.000","5,651.000","-0.63%"
"Jun 02, 2015","5,687.000","5,687.000","5,687.000","5,687.000","0.46%"
"Jun 01, 2015","5,661.000","5,661.000","5,661.000","5,661.000","0.51%"
"May 29, 2015","5,632.000","5,632.000","5,632.000","5,632.000","0.02%"
"May 28, 2015","5,631.000","5,631.000","5,631.000","5,631.000","0.63%"
"May 27, 2015","5,596.000","5,596.000","5,596.000","5,596.000","1.08%"
"May 26, 2015","5,536.000","5,536.000","5,536.000","5,536.000","0.04%"
"May 25, 2015","5,534.000","5,534.000","5,534.000","5,534.000","0.55%"
"May 22, 2015","5,504.000","5,504.000","5,504.000","5,504.000","-1.15%"
"May 21, 2015","5,568.000","5,568.000","5,568.000","5,568.000","0.09%"
"May 20, 2015","5,563.000","5,563.000","5,563.000","5,563.000","0.82%"
"May 19, 2015","5,518.000","5,518.000","5,518.000","5,518.000","0.18%"
"May 18, 2015","5,508.000","5,508.000","5,508.000","5,508.000","0.42%"
"May 15, 2015","5,485.000","5,485.000","5,485.000","5,485.000","0.18%"
"May 14, 2015","5,475.000","5,475.000","5,475.000","5,475.000","-0.26%"
"May 13, 2015","5,489.000","5,489.000","5,489.000","5,489.000","-0.65%"
"May 12, 2015","5,525.000","5,525.000","5,525.000","5,525.000","0.29%"
"May 11, 2015","5,509.000","5,509.000","5,509.000","5,509.000","0.24%"
"May 08, 2015","5,496.000","5,496.000","5,496.000","5,496.000","0.40%"
"May 07, 2015","5,474.000","5,474.000","5,474.000","5,474.000","-0.36%"
"May 01, 2015","5,494.000","5,494.000","5,494.000","5,494.000","0.49%"
"Apr 30, 2015","5,467.000","5,467.000","5,467.000","5,467.000","-0.33%"
"Apr 28, 2015","5,485.000","5,485.000","5,485.000","5,485.000","0.22%"
"Apr 27, 2015","5,473.000","5,473.000","5,473.000","5,473.000","-0.38%"
"Apr 24, 2015","5,494.000","5,494.000","5,494.000","5,494.000","-0.45%"
"Apr 23, 2015","5,519.000","5,519.000","5,519.000","5,519.000","0.29%"
"Apr 22, 2015","5,503.000","5,503.000","5,503.000","5,503.000","-0.94%"
"Apr 21, 2015","5,555.000","5,555.000","5,555.000","5,555.000","0.43%"
"Apr 20, 2015","5,531.000","5,531.000","5,531.000","5,531.000","-0.25%"
"Apr 17, 2015","5,545.000","5,545.000","5,545.000","5,545.000","0.02%"
"Apr 16, 2015","5,544.000","5,544.000","5,544.000","5,544.000","-0.31%"
"Apr 15, 2015","5,561.000","5,561.000","5,561.000","5,561.000","-0.16%"
"Apr 14, 2015","5,570.000","5,570.000","5,570.000","5,570.000","-0.27%"
"Apr 13, 2015","5,585.000","5,585.000","5,585.000","5,585.000","-0.14%"
"Apr 10, 2015","5,593.000","5,593.000","5,593.000","5,593.000","0.27%"
"Apr 09, 2015","5,578.000","5,578.000","5,578.000","5,578.000","0.22%"
"Apr 08, 2015","5,566.000","5,566.000","5,566.000","5,566.000","0.87%"
"Apr 07, 2015","5,518.000","5,518.000","5,518.000","5,518.000","0.82%"
"Apr 06, 2015","5,473.000","5,473.000","5,473.000","5,473.000","-0.60%"
"Apr 03, 2015","5,506.000","5,506.000","5,506.000","5,506.000","0.15%"
"Apr 02, 2015","5,498.000","5,498.000","5,498.000","5,498.000","-0.15%"
"Apr 01, 2015","5,506.000","5,506.000","5,506.000","5,506.000","-0.11%"
"Mar 31, 2015","5,512.000","5,512.000","5,512.000","5,512.000","0.93%"
"Mar 30, 2015","5,461.000","5,461.000","5,461.000","5,461.000","0.17%"
"Mar 27, 2015","5,452.000","5,452.000","5,452.000","5,452.000","-0.24%"
"Mar 26, 2015","5,465.000","5,465.000","5,465.000","5,465.000","-0.35%"
"Mar 25, 2015","5,484.000","5,484.000","5,484.000","5,484.000","0.07%"
"Mar 24, 2015","5,480.000","5,480.000","5,480.000","5,480.000","-0.05%"
"Mar 23, 2015","5,483.000","5,483.000","5,483.000","5,483.000","-1.77%"
"Mar 20, 2015","5,582.000","5,582.000","5,582.000","5,582.000","1.07%"
"Mar 19, 2015","5,523.000","5,523.000","5,523.000","5,523.000","-1.23%"
"Mar 18, 2015","5,592.000","5,592.000","5,592.000","5,592.000","-0.32%"
"Mar 17, 2015","5,610.000","5,610.000","5,610.000","5,610.000","-0.07%"
"Mar 16, 2015","5,614.000","5,614.000","5,614.000","5,614.000","-0.44%"
"Mar 13, 2015","5,639.000","5,639.000","5,639.000","5,639.000","0.02%"
"Mar 12, 2015","5,638.000","5,638.000","5,638.000","5,638.000","0.43%"
"Mar 11, 2015","5,614.000","5,614.000","5,614.000","5,614.000","-0.64%"
"Mar 10, 2015","5,650.000","5,650.000","5,650.000","5,650.000","0.46%"
"Mar 09, 2015","5,624.000","5,624.000","5,624.000","5,624.000","0.32%"
"Mar 06, 2015","5,606.000","5,606.000","5,606.000","5,606.000","0.23%"
"Mar 05, 2015","5,593.000","5,593.000","5,593.000","5,593.000","0.04%"
"Mar 04, 2015","5,591.000","5,591.000","5,591.000","5,591.000","-0.50%"
"Mar 03, 2015","5,619.000","5,619.000","5,619.000","5,619.000","0.20%"
"Mar 02, 2015","5,608.000","5,608.000","5,608.000","5,608.000","0.52%"
"Feb 27, 2015","5,579.000","5,579.000","5,579.000","5,579.000","0.32%"
"Feb 26, 2015","5,561.000","5,561.000","5,561.000","5,561.000","0.42%"
"Feb 25, 2015","5,538.000","5,538.000","5,538.000","5,538.000","0.02%"
"Feb 24, 2015","5,537.000","5,537.000","5,537.000","5,537.000","-0.09%"
"Feb 23, 2015","5,542.000","5,542.000","5,542.000","5,542.000","-1.12%"
"Feb 20, 2015","5,605.000","5,605.000","5,605.000","5,605.000","0.23%"
"Feb 19, 2015","5,592.000","5,592.000","5,592.000","5,592.000","-0.36%"
"Feb 18, 2015","5,612.000","5,612.000","5,612.000","5,612.000","0.90%"
"Feb 17, 2015","5,562.000","5,562.000","5,562.000","5,562.000","-0.30%"
"Feb 16, 2015","5,579.000","5,579.000","5,579.000","5,579.000","-0.23%"
"Feb 13, 2015","5,592.000","5,592.000","5,592.000","5,592.000","-0.89%"
"Feb 12, 2015","5,642.000","5,642.000","5,642.000","5,642.000","1.55%"
"Feb 10, 2015","5,556.000","5,556.000","5,556.000","5,556.000","-0.39%"
"Feb 09, 2015","5,578.000","5,578.000","5,578.000","5,578.000","1.47%"
"Feb 06, 2015","5,497.000","5,497.000","5,497.000","5,497.000","0.48%"
"Feb 05, 2015","5,471.000","5,471.000","5,471.000","5,471.000","-0.36%"
"Feb 04, 2015","5,491.000","5,491.000","5,491.000","5,491.000","0.79%"
"Feb 03, 2015","5,448.000","5,448.000","5,448.000","5,448.000","-0.04%"
"Feb 02, 2015","5,450.000","5,450.000","5,450.000","5,450.000","-0.66%"
"Jan 30, 2015","5,486.000","5,486.000","5,486.000","5,486.000","0.42%"
"Jan 29, 2015","5,463.000","5,463.000","5,463.000","5,463.000","0.20%"
"Jan 28, 2015","5,452.000","5,452.000","5,452.000","5,452.000","-0.69%"
"Jan 27, 2015","5,490.000","5,490.000","5,490.000","5,490.000","0.84%"
"Jan 26, 2015","5,444.000","5,444.000","5,444.000","5,444.000","-0.57%"
"Jan 23, 2015","5,475.000","5,475.000","5,475.000","5,475.000","0.57%"
"Jan 22, 2015","5,444.000","5,444.000","5,444.000","5,444.000","-1.64%"
"Jan 21, 2015","5,535.000","5,535.000","5,535.000","5,535.000","0.78%"
"Jan 20, 2015","5,492.000","5,492.000","5,492.000","5,492.000","0.40%"
"Jan 19, 2015","5,470.000","5,470.000","5,470.000","5,470.000","0.85%"
"Jan 16, 2015","5,424.000","5,424.000","5,424.000","5,424.000","-0.99%"
"Jan 15, 2015","5,478.000","5,478.000","5,478.000","5,478.000","-0.27%"
"Jan 14, 2015","5,493.000","5,493.000","5,493.000","5,493.000","-0.29%"
"Jan 13, 2015","5,509.000","5,509.000","5,509.000","5,509.000","-1.48%"
"Jan 09, 2015","5,592.000","5,592.000","5,592.000","5,592.000","0.79%"
"Jan 08, 2015","5,548.000","5,548.000","5,548.000","5,548.000","0.89%"
"Jan 07, 2015","5,499.000","5,499.000","5,499.000","5,499.000","-0.87%"
"Jan 06, 2015","5,547.000","5,547.000","5,547.000","5,547.000","-1.25%"
"Jan 05, 2015","5,617.000","5,617.000","5,617.000","5,617.000","-0.20%"